1;8;1; 
4;4;1; 
49;6;16; 
52;1;15; 
57;1;14; 
105;1;16; 
175;1;9; 
182;16;1; 
198;14;1; 
246;1;13; 
302;10;9; 
342;1;9; 
370;1;15; 
381;11;1; 
389;7;2; 
390;1;16; 
412;8;1; 
518;1;17; 
523;16;1; 
533;2;3; 
577;1;10; 
645;1;5; 
727;13;1; 
771;1;7; 
779;1;8; 
797;8;1; 
809;9;1; 
820;1;11; 
823;1;3; 
863;16;1; 
884;10;1; 
953;1;15; 
1021;1;6; 
1042;1;4; 
1051;1;13; 
1055;8;1; 
1070;1;12; 
1184;10;1; 
1258;1;14; 
1350;1;16; 
1359;3;1; 
1421;1;11; 
1422;10;1; 
1451;1;8; 
1494;1;6; 
1498;2;1; 
1518;1;14; 
1534;4;1; 
1543;1;2; 
1631;8;1; 
1724;1;6; 
1755;1;5; 
1828;1;9; 
1829;1;12; 
1853;1;17; 
1856;1;7; 
1937;1;17; 
1988;5;1; 
2008;1;16; 
2021;16;1; 
2030;4;1; 
2079;1;2; 
2124;1;13; 
2132;10;7; 
2144;1;11; 
2156;1;11; 
2198;13;1; 
2205;1;9; 
2283;1;11; 
2292;14;3; 
2300;6;16; 
2307;1;14; 
2309;1;11; 
2438;1;3; 
2445;1;7; 
2490;1;17; 
2539;1;10; 
2547;13;1; 
2551;8;1; 
2621;1;7; 
2648;1;17; 
2662;1;13; 
2662;6;1; 
2737;17;1; 
2798;11;1; 
2812;7;1; 
2818;1;2; 
2847;1;13; 
2849;1;8; 
2859;1;11; 
2886;1;15; 
2912;1;3; 
2954;13;4; 
3033;8;1; 
3040;5;3; 
3050;1;11; 
3065;1;3; 
3085;9;1; 
3102;1;7; 
3110;1;12; 
3128;6;1; 
3157;1;11; 
3162;17;15; 
3164;7;1; 
3189;4;1; 
3240;1;14; 
3259;16;1; 
3301;11;1; 
3317;1;7; 
3324;1;10; 
3324;1;2; 
3337;1;16; 
3369;1;4; 
3377;1;16; 
3428;1;3; 
3475;14;1; 
3601;1;8; 
3602;1;17; 
3609;1;15; 
3624;1;12; 
3624;11;6; 
3625;1;10; 
3642;1;13; 
3646;8;1; 
3666;1;8; 
3682;3;1; 
3721;16;1; 
3736;14;1; 
3759;1;12; 
3773;1;4; 
3780;1;14; 
3793;1;13; 
3807;1;14; 
3818;1;14; 
3843;1;12; 
3856;1;3; 
3870;9;1; 
3876;6;1; 
3892;12;5; 
3910;1;14; 
3958;1;3; 
3959;2;1; 
3974;1;4; 
3975;1;5; 
3985;13;1; 
4016;1;11; 
4019;1;7; 
4019;17;12; 
4026;1;17; 
4036;1;16; 
4060;1;6; 
4062;1;11; 
4081;4;1; 
4086;1;16; 
4088;12;2; 
4090;1;11; 
4097;1;16; 
4099;1;4; 
4105;5;1; 
4133;1;12; 
4168;14;2; 
4181;1;5; 
4184;8;11; 
4196;9;1; 
4208;1;7; 
4218;12;1; 
4220;1;12; 
4223;1;3; 
4229;5;1; 
4232;1;16; 
4242;1;8; 
4260;1;6; 
4260;1;10; 
4292;1;13; 
4296;14;1; 
4306;1;13; 
4310;1;10; 
4316;1;11; 
4316;10;1; 
4331;15;1; 
4396;1;9; 
4403;9;1; 
4404;1;16; 
4406;1;3; 
4408;3;1; 
4421;1;4; 
4423;1;13; 
4492;6;1; 
4505;1;2; 
4523;1;14; 
4535;1;13; 
4554;1;10; 
4555;9;5; 
4569;1;14; 
4575;10;8; 
4580;1;7; 
4585;1;2; 
4592;14;4; 
4603;1;2; 
4604;1;15; 
4611;1;15; 
4616;1;6; 
4636;1;15; 
4638;1;11; 
4668;1;15; 
4674;1;11; 
4676;1;11; 
4683;1;8; 
4688;1;16; 
4707;17;1; 
4714;12;1; 
4718;1;11; 
4728;15;1; 
4741;13;12; 
4742;1;16; 
4744;1;12; 
4770;5;11; 
4781;1;8; 
4782;1;11; 
4798;16;1; 
4799;1;2; 
4800;7;6; 
4802;1;7; 
4806;1;14; 
4806;14;1; 
4814;11;1; 
4816;1;9; 
4826;1;11; 
4826;9;1; 
4827;1;10; 
4845;1;2; 
4869;1;12; 
4869;1;5; 
4877;1;8; 
4882;1;12; 
4887;1;15; 
4911;1;14; 
4924;1;8; 
4932;5;1; 
4960;1;11; 
4965;17;16; 
4993;1;7; 
4993;1;13; 
4996;15;10; 
4997;1;16; 
5009;1;7; 
5012;1;14; 
5042;10;1; 
5046;6;1; 
5047;16;1; 
5048;1;14; 
5051;1;10; 
5059;1;9; 
5059;1;15; 
5074;13;6; 
5091;1;6; 
5093;12;6; 
5101;12;1; 
5112;3;7; 
5118;5;17; 
5130;1;17; 
5133;17;14; 
5138;13;11; 
5154;1;6; 
5160;1;13; 
5161;1;12; 
5164;1;6; 
5166;9;7; 
5186;1;11; 
5187;1;10; 
5233;1;14; 
5236;1;13; 
5244;1;11; 
5246;1;9; 
5249;10;2; 
5254;15;9; 
5264;1;9; 
5266;4;3; 
5280;6;1; 
5292;1;11; 
5296;8;1; 
5298;7;1; 
5313;1;5; 
5323;1;17; 
5326;1;4; 
5329;1;11; 
5334;1;7; 
5366;1;17; 
5367;14;6; 
5372;1;11; 
5375;1;10; 
5383;1;13; 
5385;1;12; 
5387;16;1; 
5399;1;14; 
5400;1;9; 
5411;1;8; 
5412;15;1; 
5413;1;14; 
5417;4;7; 
5423;8;1; 
5435;1;11; 
5435;1;11; 
5436;1;5; 
5442;9;15; 
5449;1;5; 
5461;1;4; 
5468;13;12; 
5476;1;16; 
5476;12;1; 
5488;7;1; 
5503;5;8; 
5506;16;1; 
5512;10;12; 
5514;1;6; 
5516;1;4; 
5518;1;9; 
5527;1;14; 
5530;6;17; 
5536;1;3; 
5538;1;9; 
5547;1;12; 
5556;1;14; 
5565;1;2; 
5567;1;3; 
5574;1;13; 
5574;1;5; 
5595;2;1; 
5600;1;6; 
5611;1;2; 
5619;1;16; 
5619;1;10; 
5624;1;5; 
5624;1;14; 
5626;3;1; 
5628;1;16; 
5637;1;5; 
5639;1;6; 
5642;1;8; 
5644;11;1; 
5657;1;2; 
5660;1;14; 
5666;14;12; 
5668;17;4; 
5674;1;16; 
5676;1;16; 
5680;1;3; 
5688;1;5; 
5699;1;14; 
5702;1;5; 
5704;1;15; 
5706;4;1; 
5707;7;6; 
5708;14;1; 
5709;1;12; 
5709;1;14; 
5735;1;7; 
5741;1;6; 
5751;1;17; 
5768;1;10; 
5772;1;14; 
5787;1;12; 
5799;1;10; 
5800;5;14; 
5805;12;1; 
5810;1;2; 
5812;1;6; 
5814;16;2; 
5825;1;4; 
5833;1;5; 
5868;1;8; 
5868;1;17; 
5887;1;8; 
5887;13;1; 
5890;1;10; 
5893;10;4; 
5894;1;16; 
5894;1;5; 
5911;9;1; 
5915;1;8; 
5919;1;17; 
5921;3;1; 
5922;1;13; 
5930;6;1; 
5932;1;9; 
5936;2;1; 
5941;1;15; 
5943;1;13; 
5943;1;7; 
5945;1;3; 
5952;1;4; 
5953;11;1; 
5954;1;16; 
5965;15;1; 
5966;1;2; 
5969;1;5; 
5971;1;5; 
5973;1;10; 
5975;1;10; 
5982;1;4; 
5990;1;15; 
5992;17;12; 
5997;1;15; 
6004;2;1; 
6006;6;1; 
6008;1;17; 
6008;1;2; 
6008;12;1; 
6014;1;3; 
6017;1;11; 
6034;1;5; 
6038;1;14; 
6045;16;2; 
6047;11;14; 
6054;8;1; 
6057;1;9; 
6074;13;3; 
6077;1;4; 
6083;1;10; 
6089;4;11; 
6090;1;13; 
6101;1;6; 
6106;7;8; 
6113;1;5; 
6122;1;6; 
6123;1;16; 
6136;1;15; 
6141;1;4; 
6142;1;8; 
6148;1;17; 
6149;1;3; 
6154;1;9; 
6157;10;1; 
6161;14;6; 
6167;1;2; 
6175;1;3; 
6176;1;5; 
6180;1;9; 
6180;1;6; 
6209;1;7; 
6223;9;1; 
6234;1;16; 
6239;3;10; 
6240;1;11; 
6250;1;14; 
6252;5;1; 
6259;1;5; 
6261;1;7; 
6262;1;6; 
6262;1;6; 
6267;1;11; 
6268;17;1; 
6279;15;16; 
6281;1;15; 
6281;1;6; 
6282;1;13; 
6285;1;10; 
6289;1;11; 
6306;1;15; 
6306;1;9; 
6312;1;10; 
6313;1;9; 
6315;9;6; 
6319;1;13; 
6320;1;5; 
6321;1;7; 
6329;14;1; 
6332;1;9; 
6350;1;6; 
6353;1;12; 
6359;1;11; 
6360;12;1; 
6365;1;16; 
6365;1;11; 
6368;1;9; 
6369;6;1; 
6370;1;16; 
6371;1;10; 
6373;1;17; 
6376;7;1; 
6378;1;4; 
6380;1;3; 
6381;1;4; 
6381;1;14; 
6386;1;2; 
6390;1;14; 
6400;1;7; 
6400;2;1; 
6401;1;5; 
6404;11;16; 
6406;9;1; 
6413;8;10; 
6427;1;14; 
6435;1;6; 
6445;1;7; 
6446;1;7; 
6451;1;11; 
6459;13;1; 
6461;1;11; 
6464;1;12; 
6470;3;14; 
6477;5;1; 
6481;1;11; 
6481;16;15; 
6481;17;10; 
6485;1;10; 
6490;4;8; 
6494;1;3; 
6495;1;12; 
6501;1;17; 
6507;1;17; 
6508;3;14; 
6509;1;14; 
6512;14;12; 
6518;1;11; 
6521;1;14; 
6533;1;12; 
6538;4;17; 
6538;7;1; 
6545;15;1; 
6546;1;8; 
6557;1;7; 
6560;1;4; 
6562;17;14; 
6584;1;17; 
6586;1;15; 
6592;10;1; 
6597;1;4; 
6600;1;11; 
6601;1;3; 
6602;1;11; 
6602;15;1; 
6608;1;12; 
6614;1;9; 
6614;1;12; 
6616;1;17; 
6625;1;11; 
6626;1;7; 
6628;7;1; 
6628;17;12; 
6630;1;8; 
6645;1;5; 
6659;1;11; 
6666;1;3; 
6668;1;5; 
6668;8;1; 
6677;1;4; 
6681;9;1; 
6683;13;1; 
6684;1;15; 
6695;1;15; 
6699;1;3; 
6700;10;1; 
6701;1;8; 
6702;8;15; 
6702;9;1; 
6716;4;2; 
6718;1;17; 
6718;1;6; 
6720;1;8; 
6724;1;7; 
6724;3;11; 
6725;1;8; 
6725;1;11; 
6726;1;17; 
6729;1;7; 
6731;1;17; 
6733;11;15; 
6740;1;17; 
6741;1;12; 
6743;3;1; 
6744;12;3; 
6750;10;17; 
6755;1;6; 
6755;16;9; 
6756;2;1; 
6762;1;13; 
6774;1;16; 
6781;1;6; 
6781;1;5; 
6784;1;4; 
6786;1;14; 
6791;6;1; 
6797;1;15; 
6809;12;1; 
6820;5;1; 
6825;6;14; 
6831;1;3; 
6833;1;3; 
6835;1;4; 
6845;14;7; 
6856;1;6; 
6858;1;14; 
6863;1;8; 
6876;17;3; 
6883;1;6; 
6885;1;10; 
6885;16;13; 
6888;1;11; 
6890;1;7; 
6901;1;16; 
6916;1;16; 
6918;1;16; 
6919;3;1; 
6920;1;5; 
6923;3;1; 
6931;8;4; 
6939;1;3; 
6944;1;17; 
6944;1;16; 
6955;17;1; 
6956;1;3; 
6959;1;5; 
6959;1;17; 
6975;4;13; 
6977;1;3; 
6983;1;7; 
6983;12;5; 
6984;1;8; 
6984;1;5; 
6988;1;12; 
6988;6;1; 
6996;1;17; 
6997;1;2; 
7007;1;17; 
7010;13;14; 
7014;1;7; 
7014;1;8; 
7021;1;4; 
7023;1;14; 
7026;1;12; 
7029;1;4; 
7029;1;12; 
7035;1;14; 
7039;14;1; 
7044;1;10; 
7049;1;15; 
7052;4;1; 
7052;12;1; 
7058;1;15; 
7061;1;5; 
7067;16;3; 
7070;2;5; 
7075;15;1; 
7078;1;13; 
7092;1;10; 
7102;1;6; 
7105;1;16; 
7112;1;5; 
7112;6;3; 
7116;9;3; 
7122;1;2; 
7123;1;9; 
7128;1;7; 
7135;1;16; 
7135;1;5; 
7140;1;14; 
7141;1;4; 
7143;7;4; 
7148;1;10; 
7148;8;5; 
7151;1;6; 
7158;1;2; 
7162;1;11; 
7164;1;5; 
7165;11;8; 
7174;5;1; 
7175;10;5; 
7178;1;15; 
7192;1;3; 
7200;5;7; 
7204;1;10; 
7212;1;5; 
7214;13;9; 
7229;7;10; 
7233;1;3; 
7233;9;1; 
7236;1;12; 
7237;1;14; 
7239;1;10; 
7244;1;5; 
7245;16;11; 
7248;1;7; 
7248;7;10; 
7251;1;10; 
7259;14;1; 
7264;10;13; 
7265;1;16; 
7267;1;8; 
7267;1;12; 
7270;1;15; 
7270;1;6; 
7271;1;16; 
7272;1;7; 
7276;1;8; 
7282;1;17; 
7286;1;10; 
7288;6;7; 
7294;1;4; 
7296;1;6; 
7298;1;12; 
7298;1;17; 
7300;1;7; 
7312;1;15; 
7316;1;2; 
7319;1;10; 
7321;6;1; 
7321;17;8; 
7323;1;16; 
7324;1;6; 
7338;1;11; 
7347;1;9; 
7348;3;1; 
7366;4;2; 
7368;1;4; 
7371;4;12; 
7372;12;1; 
7374;1;6; 
7377;1;4; 
7382;1;2; 
7383;10;2; 
7387;1;6; 
7387;1;14; 
7389;2;1; 
7391;1;3; 
7392;1;2; 
7396;1;8; 
7406;1;15; 
7409;1;12; 
7412;1;9; 
7413;1;7; 
7414;1;2; 
7415;2;3; 
7415;16;10; 
7415;17;13; 
7417;1;12; 
7419;14;17; 
7420;9;17; 
7421;8;15; 
7422;13;1; 
7423;1;7; 
7424;5;1; 
7426;8;7; 
7435;1;6; 
7438;5;14; 
7449;1;7; 
7455;1;3; 
7457;1;14; 
7459;3;8; 
7463;1;10; 
7467;15;6; 
7467;15;14; 
7469;1;9; 
7475;1;12; 
7478;12;4; 
7484;11;1; 
7486;1;10; 
7488;1;8; 
7489;1;3; 
7499;11;2; 
7504;1;10; 
7509;13;12; 
7512;1;2; 
7513;1;8; 
7515;10;1; 
7517;1;15; 
7519;1;8; 
7519;4;1; 
7524;14;1; 
7528;1;17; 
7530;6;1; 
7532;1;8; 
7532;1;10; 
7532;7;2; 
7535;1;5; 
7542;1;12; 
7554;5;9; 
7564;1;15; 
7569;1;17; 
7573;1;3; 
7576;15;5; 
7578;1;12; 
7578;1;4; 
7580;1;9; 
7580;4;1; 
7581;17;14; 
7582;13;2; 
7587;1;17; 
7597;9;13; 
7615;1;3; 
7616;1;7; 
7616;2;7; 
7629;1;5; 
7629;3;9; 
7630;1;6; 
7630;14;1; 
7634;1;8; 
7634;1;17; 
7635;1;14; 
7635;1;5; 
7636;8;1; 
7637;1;17; 
7643;12;10; 
7667;1;12; 
7668;16;2; 
7672;1;4; 
7673;1;7; 
7674;1;7; 
7677;17;8; 
7681;1;9; 
7682;1;2; 
7683;1;12; 
7686;1;16; 
7687;1;15; 
7687;6;16; 
7688;1;16; 
7698;1;13; 
7701;1;15; 
7704;1;5; 
7704;1;17; 
7708;3;6; 
7708;16;17; 
7710;7;11; 
7711;1;14; 
7714;1;11; 
7716;1;11; 
7716;11;15; 
7721;1;7; 
7724;1;3; 
7724;1;17; 
7727;12;2; 
7730;15;1; 
7747;9;12; 
7750;1;7; 
7752;1;5; 
7752;11;16; 
7757;5;1; 
7766;1;13; 
7767;1;16; 
7769;1;11; 
7772;1;15; 
7778;1;14; 
7782;1;13; 
7788;8;1; 
7792;1;3; 
7794;2;9; 
7797;10;3; 
7799;1;13; 
7800;14;1; 
7804;1;14; 
7814;1;6; 
7814;7;13; 
7816;1;14; 
7818;15;14; 
7821;1;6; 
7824;1;12; 
7826;11;1; 
7831;1;11; 
7832;1;3; 
7834;2;1; 
7837;1;17; 
7840;1;10; 
7840;1;17; 
7843;1;10; 
7847;1;3; 
7851;8;15; 
7853;5;4; 
7856;1;10; 
7857;1;14; 
7868;1;8; 
7868;1;9; 
7877;1;6; 
7883;1;14; 
7884;12;13; 
7886;1;14; 
7886;1;17; 
7890;7;6; 
7891;1;9; 
7896;1;5; 
7896;1;6; 
7896;5;1; 
7898;1;13; 
7903;14;2; 
7905;1;16; 
7912;17;11; 
7913;1;10; 
7919;1;12; 
7919;3;5; 
7919;6;4; 
7920;1;7; 
7937;1;14; 
7949;1;4; 
7957;1;17; 
7964;1;7; 
7970;1;5; 
7970;16;4; 
7973;11;14; 
7975;9;1; 
7979;1;11; 
7981;12;7; 
7981;17;1; 
7983;1;14; 
7983;1;15; 
8000;8;1; 
8003;1;13; 
8004;10;13; 
8011;16;7; 
8012;1;11; 
8012;1;11; 
8015;1;10; 
8019;1;2; 
8020;3;13; 
8031;1;2; 
8034;15;5; 
8035;6;14; 
8040;1;15; 
8044;1;8; 
8045;1;5; 
8052;9;15; 
8057;1;7; 
8058;1;6; 
8063;4;8; 
8064;13;1; 
8069;1;6; 
8072;4;1; 
8075;1;12; 
8077;1;12; 
8079;1;16; 
8080;1;15; 
8088;1;5; 
8090;13;1; 
8093;2;8; 
8094;1;13; 
8094;10;17; 
8096;1;15; 
8099;1;11; 
8100;11;12; 
8101;1;5; 
8106;2;16; 
8113;1;15; 
8113;3;1; 
8114;8;1; 
8121;1;3; 
8122;1;7; 
8129;1;4; 
8134;1;15; 
8135;16;1; 
8144;1;13; 
8147;9;5; 
8149;8;11; 
8152;1;8; 
8162;12;2; 
8165;9;1; 
8168;1;2; 
8177;1;2; 
8185;4;11; 
8185;11;6; 
8196;1;5; 
8197;1;2; 
8204;5;6; 
8204;10;1; 
8204;15;13; 
8206;1;9; 
8206;1;7; 
8216;1;7; 
8218;1;7; 
8218;1;16; 
8232;17;1; 
8234;12;11; 
8239;1;3; 
8241;1;17; 
8249;1;10; 
8253;1;5; 
8254;1;10; 
8256;1;3; 
8259;1;6; 
8268;1;6; 
8269;1;14; 
8269;1;15; 
8272;1;13; 
8272;1;9; 
8275;1;5; 
8280;1;12; 
8285;1;8; 
8286;1;17; 
8288;1;10; 
8288;1;12; 
8291;17;1; 
8292;1;17; 
8293;13;1; 
8293;14;10; 
8297;1;14; 
8307;1;10; 
8309;4;1; 
8318;1;13; 
8325;1;17; 
8325;3;8; 
8328;1;3; 
8331;1;5; 
8333;15;10; 
8334;2;12; 
8339;1;17; 
8341;16;1; 
8352;1;15; 
8354;10;6; 
8356;1;8; 
8358;1;8; 
8358;6;7; 
8362;1;4; 
8363;1;17; 
8366;1;2; 
8367;1;10; 
8373;5;16; 
8374;13;6; 
8375;12;13; 
8379;1;15; 
8379;1;15; 
8380;1;11; 
8381;6;10; 
8382;7;8; 
8386;14;6; 
8397;7;3; 
8399;1;11; 
8405;9;6; 
8406;1;12; 
8406;1;13; 
8407;1;14; 
8407;1;5; 
8407;1;4; 
8414;1;5; 
8415;1;6; 
8415;1;12; 
8416;1;11; 
8422;1;7; 
8422;13;2; 
8423;16;1; 
8425;1;6; 
8426;1;16; 
8431;1;10; 
8447;3;1; 
8454;1;5; 
8458;13;1; 
8461;1;14; 
8473;1;10; 
8481;1;14; 
8483;1;10; 
8486;7;4; 
8490;1;5; 
8490;9;1; 
8494;4;2; 
8497;1;2; 
8500;1;11; 
8508;3;2; 
8511;5;1; 
8518;1;14; 
8518;12;2; 
8519;1;4; 
8523;2;1; 
8524;1;4; 
8526;1;3; 
8526;8;1; 
8526;15;1; 
8528;1;12; 
8529;7;10; 
8531;14;1; 
8536;6;1; 
8537;14;5; 
8538;1;6; 
8541;8;1; 
8543;11;16; 
8549;1;12; 
8553;17;3; 
8561;1;8; 
8564;10;9; 
8566;4;10; 
8568;1;14; 
8573;17;5; 
8578;1;15; 
8579;1;8; 
8584;1;2; 
8584;1;12; 
8586;1;2; 
8590;1;4; 
8590;1;3; 
8593;1;11; 
8596;15;12; 
8606;11;8; 
8607;1;8; 
8613;1;4; 
8625;1;10; 
8628;1;12; 
8629;16;1; 
8630;1;15; 
8630;10;8; 
8636;15;1; 
8646;1;3; 
8647;6;15; 
8651;1;10; 
8653;1;5; 
8654;2;1; 
8664;1;9; 
8671;1;11; 
8671;12;6; 
8673;1;13; 
8676;1;13; 
8686;1;4; 
8687;1;7; 
8693;1;7; 
8693;1;8; 
8694;1;10; 
8698;5;1; 
8701;1;8; 
8712;8;9; 
8716;1;10; 
8722;1;10; 
8728;2;16; 
8737;14;1; 
8742;1;4; 
8742;1;2; 
8746;14;1; 
8750;1;5; 
8750;1;7; 
8758;11;1; 
8759;1;12; 
8759;16;5; 
8761;1;10; 
8766;1;5; 
8767;1;5; 
8768;1;14; 
8776;17;3; 
8777;1;14; 
8787;1;2; 
8787;1;15; 
8792;1;11; 
8798;1;4; 
8804;12;1; 
8804;12;4; 
8805;1;9; 
8808;2;14; 
8813;1;8; 
8818;13;10; 
8819;4;11; 
8819;10;2; 
8822;1;14; 
8823;1;11; 
8826;6;15; 
8826;14;1; 
8827;1;5; 
8829;8;13; 
8834;9;16; 
8835;1;14; 
8848;1;11; 
8856;1;15; 
8858;1;12; 
8859;17;5; 
8860;1;7; 
8860;1;14; 
8861;15;1; 
8862;1;11; 
8863;11;1; 
8865;1;4; 
8869;1;16; 
8875;9;6; 
8881;5;15; 
8885;13;2; 
8886;1;2; 
8886;1;8; 
8889;1;16; 
8889;1;6; 
8892;1;5; 
8893;10;1; 
8894;1;2; 
8894;3;12; 
8896;1;15; 
8897;1;2; 
8910;7;16; 
8911;1;9; 
8914;1;12; 
8921;5;1; 
8922;4;6; 
8928;1;9; 
8931;7;5; 
8932;1;17; 
8934;3;1; 
8940;6;16; 
8943;15;5; 
8948;1;2; 
8953;1;9; 
8959;1;13; 
8959;1;12; 
8960;1;7; 
8970;12;11; 
8972;1;14; 
8972;1;15; 
8978;1;9; 
8988;16;13; 
8989;1;4; 
8997;1;17; 
8999;1;8; 
9001;1;4; 
9005;10;13; 
9012;1;2; 
9014;1;2; 
9017;1;14; 
9017;4;1; 
9021;1;11; 
9022;9;1; 
9031;1;17; 
9033;1;8; 
9047;1;10; 
9049;1;15; 
9053;11;15; 
9054;1;12; 
9057;1;12; 
9057;13;5; 
9061;15;8; 
9062;4;3; 
9064;1;17; 
9065;1;12; 
9066;5;9; 
9072;17;1; 
9076;1;2; 
9076;1;14; 
9082;3;11; 
9087;9;1; 
9095;1;7; 
9096;1;12; 
9100;1;10; 
9101;8;4; 
9110;1;14; 
9110;2;14; 
9112;7;1; 
9120;14;1; 
9125;1;13; 
9130;13;4; 
9131;16;13; 
9132;5;16; 
9133;1;15; 
9134;14;1; 
9135;1;13; 
9154;1;7; 
9160;5;11; 
9163;7;10; 
9164;1;7; 
9167;1;4; 
9171;1;15; 
9172;12;1; 
9179;1;16; 
9185;10;14; 
9190;1;14; 
9196;1;13; 
9197;1;4; 
9199;9;12; 
9207;2;7; 
9208;1;13; 
9209;3;1; 
9210;8;7; 
9224;6;1; 
9231;3;17; 
9236;1;8; 
9239;1;4; 
9239;1;8; 
9239;6;17; 
9239;15;14; 
9243;1;5; 
9243;17;10; 
9250;1;17; 
9253;1;2; 
9255;1;8; 
9261;12;1; 
9262;1;9; 
9273;16;1; 
9282;1;16; 
9296;11;1; 
9299;1;5; 
9300;1;17; 
9303;10;7; 
9312;1;8; 
9317;1;9; 
9321;1;6; 
9326;1;15; 
9328;1;7; 
9330;1;11; 
9331;3;11; 
9332;17;1; 
9336;13;15; 
9349;1;15; 
9354;15;1; 
9356;16;15; 
9357;1;2; 
9360;1;12; 
9366;1;8; 
9368;1;6; 
9369;13;15; 
9372;1;3; 
9372;14;16; 
9373;1;16; 
9376;12;2; 
9378;2;13; 
9381;1;10; 
9393;15;10; 
9394;1;5; 
9399;11;1; 
9402;4;7; 
9407;1;15; 
9412;1;3; 
9421;17;14; 
9426;1;2; 
9428;1;7; 
9428;5;1; 
9429;15;10; 
9430;1;2; 
9432;14;11; 
9433;1;15; 
9433;1;8; 
9438;1;15; 
9443;1;10; 
9450;1;4; 
9463;12;17; 
9465;10;6; 
9470;2;1; 
9474;1;17; 
9474;1;9; 
9474;17;15; 
9481;1;11; 
9485;7;17; 
9490;7;3; 
9494;1;3; 
9495;1;12; 
9499;8;1; 
9509;5;8; 
9513;3;1; 
9518;11;4; 
9519;1;13; 
9519;9;6; 
9520;1;13; 
9523;4;13; 
9525;1;6; 
9527;6;14; 
9529;1;17; 
9542;1;7; 
9545;5;1; 
9546;9;3; 
9552;1;13; 
9552;3;14; 
9553;6;1; 
9563;1;8; 
9569;4;16; 
9569;8;17; 
9570;1;11; 
9570;12;1; 
9576;1;9; 
9583;1;7; 
9598;1;8; 
9599;16;13; 
9603;15;10; 
9604;17;1; 
9607;4;7; 
9611;6;1; 
9611;13;11; 
9612;1;15; 
9613;7;11; 
9616;9;16; 
9618;6;9; 
9630;8;13; 
9631;1;3; 
9632;14;17; 
9635;1;4; 
9636;1;10; 
9642;1;4; 
9642;1;14; 
9648;5;11; 
9670;1;11; 
9671;1;15; 
9679;1;14; 
9687;1;16; 
9691;1;10; 
9693;5;8; 
9697;1;16; 
9698;2;1; 
9700;11;2; 
9703;9;3; 
9705;17;13; 
9714;1;4; 
9714;12;1; 
9715;1;5; 
9720;11;6; 
9726;12;1; 
9744;1;4; 
9749;1;13; 
9754;1;10; 
9756;7;1; 
9766;6;1; 
9768;1;6; 
9783;15;14; 
9788;1;10; 
9791;16;1; 
9792;1;14; 
9793;1;12; 
9793;1;17; 
9794;10;7; 
9801;1;7; 
9809;1;11; 
9810;1;4; 
9815;1;15; 
9816;3;12; 
9819;2;9; 
9823;1;10; 
9825;1;11; 
9831;1;4; 
9837;13;9; 
9838;1;12; 
9840;14;3; 
9841;1;15; 
9842;3;2; 
9843;9;6; 
9845;12;1; 
9846;5;7; 
9853;16;1; 
9855;10;2; 
9856;1;5; 
9856;1;12; 
9859;1;17; 
9859;8;17; 
9863;1;12; 
9864;1;2; 
9873;8;1; 
9877;1;2; 
9888;1;8; 
9888;4;10; 
9892;1;8; 
9892;13;14; 
9892;15;2; 
9898;1;15; 
9899;1;10; 
9899;1;3; 
9905;5;1; 
9908;1;11; 
9909;14;3; 
9918;1;7; 
9938;1;6; 
9945;1;10; 
9945;3;10; 
9958;1;9; 
9959;1;5; 
9961;12;11; 
9963;1;5; 
9978;4;7; 
9982;6;10; 
9983;10;17; 
9993;1;7; 
9995;17;1; 
9998;7;3; 
10002;3;5; 
10008;1;7; 
10009;8;11; 
10010;15;10; 
10012;1;5; 
10014;9;1; 
10014;16;1; 
10018;14;12; 
10022;1;4; 
10026;1;6; 
10027;10;2; 
10029;15;14; 
10034;2;13; 
10036;1;6; 
10037;12;6; 
10054;1;9; 
10076;1;8; 
10078;6;2; 
10081;4;1; 
10082;1;8; 
10084;1;13; 
10101;16;13; 
10118;5;1; 
10120;1;10; 
10130;1;13; 
10130;17;4; 
10136;9;7; 
10148;8;14; 
10149;13;7; 
10154;2;12; 
10164;1;5; 
10165;11;1; 
10166;1;2; 
10167;1;15; 
10177;1;8; 
10178;11;8; 
10181;7;15; 
10188;1;3; 
10192;1;6; 
10194;13;2; 
10208;1;15; 
10215;4;10; 
10217;16;1; 
10225;10;7; 
10227;1;6; 
10236;14;1; 
10251;1;15; 
10253;7;4; 
10259;11;15; 
10267;1;6; 
10275;1;7; 
10277;1;2; 
10292;1;15; 
10294;15;1; 
10297;8;13; 
10309;1;17; 
10313;5;2; 
10314;1;17; 
10318;2;6; 
10320;1;10; 
10323;1;9; 
10326;1;13; 
10334;1;15; 
10337;7;4; 
10340;10;16; 
10340;17;6; 
10347;2;7; 
10351;3;17; 
10367;1;4; 
10370;8;1; 
10371;17;1; 
10373;12;1; 
10377;13;2; 
10380;6;1; 
10392;1;5; 
10395;14;4; 
10396;16;1; 
10400;1;10; 
10401;1;10; 
10405;1;9; 
10414;1;11; 
10416;3;2; 
10424;12;8; 
10431;1;9; 
10443;1;12; 
10451;15;14; 
10452;9;8; 
10454;1;2; 
10461;6;15; 
10464;9;1; 
10466;1;3; 
10471;1;17; 
10473;17;11; 
10480;11;14; 
10484;13;12; 
10490;4;1; 
10497;1;14; 
10497;5;17; 
10502;3;6; 
10502;6;2; 
10512;1;17; 
10515;11;1; 
10524;7;2; 
10532;1;12; 
10548;13;6; 
10553;1;2; 
10553;8;11; 
10554;17;8; 
10555;15;11; 
10561;1;4; 
10562;14;17; 
10567;15;17; 
10572;1;5; 
10575;12;1; 
10581;10;14; 
10583;1;6; 
10589;1;15; 
10589;2;12; 
10594;1;15; 
10594;13;1; 
10596;7;1; 
10597;5;1; 
10609;3;1; 
10616;9;4; 
10627;1;11; 
10640;4;15; 
10641;1;10; 
10642;1;14; 
10644;14;1; 
10651;16;13; 
10665;17;1; 
10666;1;17; 
10666;16;15; 
10674;12;16; 
10686;4;14; 
10701;1;4; 
10708;1;11; 
10711;1;8; 
10714;6;10; 
10721;1;3; 
10729;8;1; 
10730;9;1; 
10735;2;1; 
10739;1;13; 
10739;1;9; 
10741;5;1; 
10744;1;9; 
10754;1;11; 
10755;1;12; 
10758;11;2; 
10769;1;7; 
10772;1;17; 
10775;1;4; 
10782;10;2; 
10783;1;7; 
10801;8;3; 
10809;7;1; 
10811;15;1; 
10813;1;15; 
10815;1;2; 
10818;17;1; 
10829;4;10; 
10829;12;1; 
10843;1;4; 
10846;5;14; 
10856;1;14; 
10858;1;17; 
10860;6;15; 
10881;13;12; 
10887;5;15; 
10908;15;11; 
10914;1;9; 
10937;1;11; 
10940;2;1; 
10942;1;6; 
10942;14;1; 
10943;1;11; 
10948;16;9; 
10950;9;14; 
10959;1;2; 
10964;12;16; 
10965;1;12; 
10967;3;9; 
10971;1;8; 
10975;11;1; 
10976;13;1; 
10977;10;17; 
10986;7;5; 
10991;8;4; 
10996;1;14; 
11009;1;15; 
11011;1;2; 
11016;17;8; 
11019;1;12; 
11024;1;16; 
11045;10;14; 
11047;4;1; 
11049;9;7; 
11062;1;9; 
11086;1;7; 
11089;16;3; 
11095;3;11; 
11095;14;15; 
11098;1;12; 
11099;11;8; 
11105;14;2; 
11110;1;17; 
11119;1;4; 
11120;15;5; 
11123;3;1; 
11129;1;10; 
11134;2;1; 
11140;17;3; 
11143;1;6; 
11152;1;9; 
11159;6;9; 
11170;1;6; 
11175;12;4; 
11176;1;16; 
11176;1;6; 
11177;17;15; 
11186;5;3; 
11197;11;7; 
11203;1;4; 
11220;1;17; 
11226;1;10; 
11239;1;8; 
11253;7;1; 
11254;9;11; 
11256;1;17; 
11263;10;8; 
11278;15;16; 
11278;16;15; 
11281;12;1; 
11285;8;1; 
11293;1;11; 
11297;4;15; 
11302;11;1; 
11307;10;8; 
11311;5;1; 
11322;1;2; 
11326;9;16; 
11330;8;6; 
11334;4;1; 
11352;16;4; 
11357;3;7; 
11362;6;1; 
11364;1;9; 
11365;1;9; 
11365;13;1; 
11370;14;17; 
11372;1;4; 
11377;1;7; 
11393;1;10; 
11406;1;8; 
11406;11;8; 
11408;12;1; 
11410;9;1; 
11411;1;17; 
11412;2;17; 
11421;10;13; 
11426;7;9; 
11438;4;1; 
11447;17;11; 
11448;5;13; 
11454;1;8; 
11458;1;13; 
11460;1;16; 
11469;1;17; 
11476;1;8; 
11479;1;2; 
11480;1;5; 
11500;1;2; 
11507;8;9; 
11515;1;7; 
11532;1;13; 
11541;14;6; 
11546;10;5; 
11547;17;12; 
11552;16;4; 
11555;2;1; 
11560;15;8; 
11574;1;2; 
11577;16;14; 
11584;6;14; 
11585;13;3; 
11589;3;1; 
11593;5;7; 
11603;1;8; 
11619;3;8; 
11620;6;14; 
11621;8;3; 
11624;7;1; 
11627;13;17; 
11628;1;8; 
11634;12;1; 
11645;1;5; 
11645;9;11; 
11649;1;5; 
11656;1;14; 
11676;4;15; 
11677;15;8; 
11686;1;14; 
11694;14;12; 
11699;1;17; 
11700;9;16; 
11704;1;10; 
11707;13;1; 
11713;1;4; 
11720;1;6; 
11730;1;8; 
11731;12;2; 
11750;4;2; 
11752;10;11; 
11753;1;13; 
11755;11;6; 
11770;17;8; 
11775;3;4; 
11779;1;2; 
11784;16;9; 
11785;11;4; 
11800;1;15; 
11817;1;11; 
11828;7;1; 
11832;6;14; 
11835;16;1; 
11843;14;16; 
11847;8;10; 
11847;15;8; 
11852;1;15; 
11854;7;1; 
11857;17;12; 
11869;9;6; 
11883;10;15; 
11884;5;12; 
11892;1;8; 
11892;14;5; 
11894;2;17; 
11895;1;2; 
11897;1;8; 
11906;1;16; 
11923;8;6; 
11927;1;17; 
11945;4;8; 
11946;1;17; 
11949;1;16; 
11955;5;8; 
11957;1;9; 
11976;6;2; 
11977;3;13; 
11982;15;1; 
11990;1;11; 
11991;13;1; 
11996;12;8; 
11999;2;1; 
12005;15;1; 
12012;5;1; 
12018;9;10; 
12020;1;3; 
12030;6;1; 
12050;13;5; 
12061;1;15; 
12066;1;13; 
12069;1;7; 
12076;7;15; 
12077;3;8; 
12077;8;4; 
12094;16;1; 
12100;14;12; 
12111;1;16; 
12114;6;16; 
12123;15;3; 
12131;1;17; 
12153;11;1; 
12162;1;14; 
12166;14;13; 
12168;3;5; 
12168;4;1; 
12170;13;10; 
12176;1;4; 
12177;1;7; 
12177;16;14; 
12178;10;11; 
12185;1;12; 
12191;2;1; 
12192;1;7; 
12193;5;7; 
12200;1;17; 
12201;1;2; 
12201;10;11; 
12207;11;1; 
12212;1;5; 
12212;7;1; 
12213;17;6; 
12215;2;11; 
12219;1;16; 
12222;9;5; 
12253;12;4; 
12270;1;14; 
12288;1;14; 
12288;1;3; 
12289;4;8; 
12309;4;1; 
12319;1;6; 
12320;10;12; 
12326;17;1; 
12330;13;10; 
12336;14;1; 
12344;1;10; 
12346;8;1; 
12346;12;10; 
12352;7;1; 
12356;1;14; 
12361;5;1; 
12367;14;8; 
12371;1;17; 
12371;3;1; 
12375;2;14; 
12378;1;4; 
12395;16;12; 
12404;6;16; 
12420;16;17; 
12429;8;1; 
12430;17;9; 
12441;1;10; 
12441;11;17; 
12442;10;9; 
12442;12;10; 
12455;9;1; 
12457;13;12; 
12458;1;13; 
12458;9;13; 
12460;1;12; 
12480;15;12; 
12488;1;2; 
12495;15;13; 
12496;1;17; 
12504;4;1; 
12509;5;1; 
12509;11;1; 
12513;1;12; 
12527;1;13; 
12528;2;4; 
12535;3;17; 
12550;1;13; 
12557;1;10; 
12567;1;3; 
12579;1;4; 
12579;7;8; 
12584;1;14; 
12586;6;3; 
12587;1;17; 
12601;14;4; 
12616;4;5; 
12618;10;1; 
12630;1;2; 
12632;13;7; 
12634;1;15; 
12649;12;16; 
12653;1;7; 
12654;7;10; 
12666;8;1; 
12674;4;14; 
12678;11;1; 
12683;1;17; 
12683;16;1; 
12688;1;3; 
12690;7;13; 
12691;1;17; 
12695;5;1; 
12701;9;12; 
12704;13;9; 
12710;16;15; 
12711;10;14; 
12733;12;6; 
12735;1;17; 
12736;5;10; 
12748;1;17; 
12760;1;3; 
12760;1;5; 
12782;1;4; 
12782;15;4; 
12787;3;13; 
12788;3;1; 
12804;1;8; 
12814;11;6; 
12816;6;1; 
12833;1;13; 
12857;8;7; 
12866;1;16; 
12868;2;1; 
12875;9;1; 
12877;2;9; 
12889;17;2; 
12890;6;7; 
12892;14;13; 
12900;1;7; 
12908;1;17; 
12926;13;5; 
12934;8;11; 
12958;1;16; 
12966;1;8; 
12972;1;8; 
12982;11;1; 
12987;3;1; 
12992;16;1; 
13000;1;15; 
13000;1;6; 
13012;2;1; 
13016;1;6; 
13020;5;1; 
13020;10;11; 
13023;6;9; 
13026;1;12; 
13035;14;4; 
13038;1;17; 
13044;8;1; 
13047;9;15; 
13050;2;14; 
13054;17;7; 
13057;1;16; 
13067;4;14; 
13091;13;7; 
13100;6;1; 
13109;1;15; 
13110;7;1; 
13111;5;6; 
13113;10;7; 
13118;16;13; 
13121;7;1; 
13122;3;6; 
13140;1;17; 
13154;15;1; 
13179;11;8; 
13179;12;8; 
13183;1;6; 
13185;15;7; 
13204;17;1; 
13206;1;7; 
13233;13;15; 
13246;5;6; 
13249;11;1; 
13255;2;5; 
13256;1;7; 
13266;1;4; 
13296;8;17; 
13297;14;17; 
13311;16;10; 
13323;6;11; 
13332;5;1; 
13343;4;16; 
13355;10;8; 
13358;1;14; 
13360;1;16; 
13369;3;5; 
13376;17;1; 
13394;1;15; 
13398;12;13; 
13402;1;16; 
13403;9;1; 
13405;1;9; 
13407;6;1; 
13421;7;1; 
13426;1;9; 
13434;1;17; 
13434;9;1; 
13440;15;5; 
13442;8;5; 
13450;7;12; 
13451;1;11; 
13452;4;16; 
13466;1;6; 
13469;2;14; 
13490;10;1; 
13497;1;12; 
13497;3;1; 
13498;1;12; 
13514;1;6; 
13515;1;3; 
13524;15;1; 
13532;16;17; 
13542;2;1; 
13543;1;16; 
13558;14;5; 
13560;11;1; 
13568;16;1; 
13569;1;9; 
13575;1;13; 
13585;1;11; 
13594;1;3; 
13608;1;8; 
13619;3;1; 
13647;9;1; 
13653;17;15; 
13667;2;15; 
13672;5;1; 
13683;12;1; 
13689;13;17; 
13696;10;1; 
13699;1;17; 
13700;13;1; 
13710;5;15; 
13710;8;14; 
13710;12;9; 
13737;4;8; 
13752;1;17; 
13759;14;1; 
13761;7;16; 
13767;1;5; 
13774;1;3; 
13775;7;4; 
13796;6;1; 
13810;1;6; 
13814;12;2; 
13822;1;6; 
13825;3;1; 
13828;1;8; 
13835;1;14; 
13841;1;12; 
13841;5;15; 
13851;8;11; 
13866;1;15; 
13869;17;1; 
13878;10;1; 
13906;4;2; 
13910;12;1; 
13927;1;16; 
13942;13;2; 
13943;1;13; 
13944;14;5; 
13952;1;14; 
13953;9;1; 
13974;1;14; 
13978;13;6; 
13983;1;9; 
13985;15;4; 
13986;7;6; 
13991;2;1; 
14004;1;10; 
14021;16;1; 
14038;11;7; 
14041;2;13; 
14059;1;10; 
14068;15;1; 
14074;6;4; 
14094;17;1; 
14101;11;1; 
14112;3;1; 
14115;1;5; 
14122;1;11; 
14130;2;9; 
14148;1;4; 
14167;12;5; 
14191;1;16; 
14198;17;1; 
14205;14;13; 
14215;7;1; 
14221;1;8; 
14228;1;4; 
14231;10;1; 
14244;9;16; 
14245;9;1; 
14254;16;1; 
14267;15;1; 
14272;13;14; 
14280;1;10; 
14281;15;12; 
14286;6;2; 
14289;1;16; 
14317;1;8; 
14327;1;16; 
14333;1;9; 
14333;5;3; 
14334;10;1; 
14339;1;6; 
14339;3;2; 
14347;1;9; 
14357;4;1; 
14359;14;13; 
14363;4;13; 
14367;8;1; 
14374;6;1; 
14379;5;13; 
14405;16;12; 
14413;1;8; 
14418;6;17; 
14427;1;14; 
14435;4;16; 
14441;1;8; 
14447;13;6; 
14452;2;10; 
14453;4;13; 
14459;12;17; 
14461;5;9; 
14463;16;1; 
14473;17;1; 
14474;1;4; 
14479;1;13; 
14486;5;1; 
14489;15;13; 
14492;7;3; 
14506;1;14; 
14528;1;10; 
14535;12;8; 
14540;14;6; 
14550;1;10; 
14561;1;17; 
14570;10;11; 
14572;1;9; 
14577;8;5; 
14577;9;5; 
14579;2;1; 
14580;1;10; 
14584;1;6; 
14588;9;1; 
14591;8;1; 
14593;7;16; 
14593;14;5; 
14598;1;9; 
14598;11;1; 
14619;6;1; 
14631;1;5; 
14640;3;4; 
14649;1;13; 
14658;1;11; 
14672;10;16; 
14693;3;2; 
14702;1;16; 
14703;7;10; 
14708;14;1; 
14709;13;4; 
14713;1;11; 
14720;1;16; 
14722;17;12; 
14728;13;11; 
14732;1;2; 
14745;1;16; 
14756;14;5; 
14759;3;17; 
14763;17;1; 
14774;15;10; 
14777;1;16; 
14779;10;1; 
14807;4;6; 
14815;1;3; 
14828;9;7; 
14836;5;8; 
14837;16;1; 
14839;8;1; 
14845;1;4; 
14851;11;1; 
14858;6;1; 
14862;7;4; 
14874;1;4; 
14874;1;11; 
14892;1;6; 
14896;1;2; 
14902;2;16; 
14903;4;3; 
14908;16;14; 
14917;10;9; 
14920;1;13; 
14921;1;17; 
14925;11;1; 
14926;12;6; 
14932;5;1; 
14935;15;1; 
14942;1;12; 
14944;6;7; 
14954;2;1; 
14956;1;4; 
14975;9;16; 
14991;8;1; 
15016;14;17; 
15019;10;7; 
15030;3;1; 
15056;2;1; 
15058;17;13; 
15062;1;9; 
15069;1;8; 
15092;4;14; 
15108;2;1; 
15108;11;13; 
15112;1;15; 
15116;6;15; 
15120;1;10; 
15124;10;4; 
15128;4;1; 
15137;15;1; 
15140;1;11; 
15146;6;16; 
15149;17;3; 
15163;1;7; 
15164;1;14; 
15164;1;6; 
15168;7;5; 
15179;16;17; 
15183;11;1; 
15184;5;8; 
15190;15;10; 
15195;1;17; 
15196;8;4; 
15199;1;3; 
15220;9;1; 
15228;9;10; 
15234;1;8; 
15237;14;1; 
15241;5;1; 
15248;13;12; 
15253;8;2; 
15260;12;1; 
15273;1;5; 
15279;1;9; 
15279;1;4; 
15294;1;8; 
15296;12;1; 
15299;1;2; 
15300;1;16; 
15321;1;10; 
15330;14;10; 
15344;8;16; 
15350;9;1; 
15352;2;10; 
15358;1;5; 
15360;10;1; 
15366;7;13; 
15375;7;6; 
15391;7;17; 
15414;4;11; 
15414;11;7; 
15420;17;1; 
15432;8;1; 
15446;14;1; 
15447;15;17; 
15466;15;14; 
15467;3;16; 
15471;8;11; 
15480;9;1; 
15481;6;16; 
15483;13;16; 
15485;1;16; 
15502;2;13; 
15503;15;17; 
15504;1;10; 
15517;13;15; 
15520;12;1; 
15523;16;1; 
15528;5;14; 
15534;16;13; 
15536;1;15; 
15536;10;1; 
15544;1;5; 
15548;1;12; 
15552;5;1; 
15554;12;1; 
15556;3;7; 
15568;6;1; 
15574;1;8; 
15577;11;1; 
15597;17;1; 
15598;4;8; 
15600;6;1; 
15603;4;1; 
15604;11;3; 
15607;8;15; 
15613;3;15; 
15615;1;12; 
15625;7;1; 
15629;10;7; 
15631;1;12; 
15645;6;1; 
15647;2;15; 
15654;4;1; 
15664;1;11; 
15665;14;5; 
15669;2;1; 
15681;5;6; 
15697;1;7; 
15699;15;8; 
15709;10;9; 
15710;13;1; 
15728;17;1; 
15732;5;16; 
15747;1;17; 
15753;17;8; 
15754;15;11; 
15755;8;12; 
15759;14;1; 
15768;1;6; 
15796;9;2; 
15819;1;16; 
15819;12;1; 
15824;1;8; 
15832;16;1; 
15841;11;4; 
15845;16;10; 
15846;3;1; 
15857;13;1; 
15861;12;6; 
15869;1;8; 
15871;9;1; 
15875;7;3; 
15876;1;14; 
15919;8;3; 
15931;2;13; 
15936;1;14; 
15939;16;5; 
15943;13;1; 
15952;1;4; 
15961;1;4; 
15962;1;3; 
15963;8;1; 
15980;16;1; 
15986;9;12; 
16000;1;17; 
16002;3;1; 
16014;6;5; 
16028;12;1; 
16030;11;13; 
16034;2;1; 
16035;5;8; 
16036;1;9; 
16039;9;1; 
16044;4;11; 
16045;3;1; 
16061;15;2; 
16073;7;13; 
16086;1;2; 
16094;1;9; 
16094;7;1; 
16097;1;10; 
16128;15;1; 
16131;5;1; 
16134;17;10; 
16135;1;10; 
16136;6;1; 
16138;14;1; 
16148;11;1; 
16154;10;13; 
16156;14;1; 
16156;17;1; 
16157;4;16; 
16175;12;9; 
16192;16;7; 
16194;13;2; 
16199;10;8; 
16208;7;1; 
16229;12;5; 
16230;11;5; 
16242;1;2; 
16243;15;16; 
16248;13;7; 
16252;1;16; 
16253;2;1; 
16254;9;6; 
16260;17;4; 
16277;1;11; 
16280;16;9; 
16303;4;1; 
16305;8;11; 
16309;6;2; 
16321;1;16; 
16332;11;7; 
16337;3;1; 
16339;8;2; 
16368;1;11; 
16375;1;14; 
16378;6;1; 
16385;15;1; 
16392;1;6; 
16406;1;2; 
16406;14;13; 
16413;4;17; 
16423;1;5; 
16425;12;8; 
16436;5;1; 
16439;1;7; 
16447;7;1; 
16447;17;1; 
16458;9;1; 
16459;10;8; 
16475;13;14; 
16489;10;13; 
16494;1;16; 
16494;14;10; 
16507;7;11; 
16511;10;7; 
16524;15;1; 
16528;7;16; 
16529;8;1; 
16541;1;16; 
16542;8;10; 
16546;6;11; 
16547;10;9; 
16557;12;1; 
16558;1;12; 
16568;13;1; 
16582;13;14; 
16586;1;3; 
16586;17;1; 
16606;1;11; 
16611;12;11; 
16616;5;3; 
16616;14;12; 
16621;9;1; 
16623;1;6; 
16625;1;4; 
16631;15;12; 
16644;2;1; 
16650;1;12; 
16672;9;1; 
16684;3;1; 
16695;1;12; 
16704;5;12; 
16714;1;6; 
16731;2;1; 
16733;16;13; 
16746;17;12; 
16750;1;10; 
16754;1;6; 
16762;11;8; 
16763;3;4; 
16765;4;1; 
16769;6;1; 
16775;14;9; 
16800;5;13; 
16803;15;1; 
16805;17;11; 
16828;13;1; 
16833;11;1; 
16843;3;4; 
16849;1;5; 
16854;1;11; 
16865;2;1; 
16874;12;3; 
16889;1;7; 
16902;8;13; 
16908;1;9; 
16918;13;5; 
16919;14;1; 
16920;4;16; 
16920;7;5; 
16926;6;8; 
16927;7;4; 
16928;1;6; 
16932;2;1; 
16944;1;12; 
16955;3;1; 
16961;1;17; 
16973;10;1; 
16979;1;15; 
16980;1;16; 
16981;11;1; 
16997;14;1; 
17004;10;1; 
17006;15;2; 
17028;16;12; 
17029;1;11; 
17036;17;1; 
17041;5;1; 
17065;1;3; 
17068;9;1; 
17105;1;4; 
17105;1;13; 
17111;1;12; 
17111;6;15; 
17113;12;1; 
17125;17;7; 
17137;1;16; 
17169;2;1; 
17177;1;8; 
17186;6;3; 
17189;1;9; 
17200;3;1; 
17202;16;1; 
17204;1;8; 
17205;13;1; 
17207;7;1; 
17212;9;1; 
17214;1;6; 
17219;15;1; 
17221;10;1; 
17221;11;1; 
17221;16;1; 
17222;16;1; 
17231;13;9; 
17232;14;1; 
17244;7;15; 
17247;4;17; 
17247;8;1; 
17248;14;1; 
17268;5;1; 
17279;12;1; 
17280;13;6; 
17283;1;13; 
17292;1;17; 
17301;11;1; 
17307;4;9; 
17314;3;1; 
17316;9;1; 
17317;8;11; 
17332;1;5; 
17333;17;7; 
17335;1;17; 
17337;15;1; 
17349;1;6; 
17354;1;17; 
17356;6;1; 
17362;11;15; 
17370;5;6; 
17371;14;1; 
17378;2;1; 
17385;12;1; 
17388;7;1; 
17389;5;3; 
17398;10;1; 
17410;1;14; 
17439;6;1; 
17446;11;17; 
17450;3;1; 
17450;16;1; 
17470;3;13; 
17470;4;1; 
17479;4;1; 
17483;7;1; 
17484;12;16; 
17493;4;1; 
17495;10;1; 
17499;1;9; 
17517;15;1; 
17523;12;1; 
17525;13;7; 
17528;9;1; 
17529;1;7; 
17533;17;14; 
17538;1;11; 
17545;1;17; 
17546;11;12; 
17554;9;1; 
17557;7;9; 
17571;1;9; 
17579;17;1; 
17580;1;7; 
17582;1;11; 
17587;13;1; 
17594;2;1; 
17597;1;3; 
17599;16;1; 
17615;8;1; 
17626;1;7; 
17631;6;1; 
17632;1;6; 
17634;10;1; 
17636;10;1; 
17639;1;9; 
17647;2;8; 
17652;5;1; 
17652;15;13; 
17659;1;9; 
17667;3;11; 
17668;5;11; 
17671;9;1; 
17673;14;5; 
17680;15;10; 
17685;8;16; 
17685;14;1; 
17686;13;1; 
17690;1;17; 
17694;7;1; 
17706;1;12; 
17708;2;1; 
17720;12;17; 
17722;1;16; 
17735;16;5; 
17738;2;6; 
17754;16;1; 
17757;9;1; 
17759;17;1; 
17761;1;3; 
17770;10;1; 
17777;10;1; 
17779;6;11; 
17780;10;3; 
17794;7;1; 
17795;14;5; 
17814;13;1; 
17817;1;3; 
17822;1;12; 
17828;1;10; 
17832;8;17; 
17833;1;14; 
17848;4;1; 
17851;1;3; 
17851;3;2; 
17878;15;2; 
17879;17;2; 
17880;12;6; 
17886;1;15; 
17888;1;7; 
17890;3;15; 
17891;15;4; 
17893;5;8; 
17896;1;6; 
17896;14;12; 
17903;1;3; 
17905;11;13; 
17913;8;1; 
17924;7;14; 
17928;13;1; 
17931;3;2; 
17932;9;1; 
17944;11;10; 
17961;1;2; 
17961;6;1; 
17964;1;14; 
17972;4;8; 
17980;5;1; 
18000;3;1; 
18000;11;1; 
18000;16;3; 
18003;2;1; 
18003;14;1; 
18004;10;16; 
18004;12;1; 
18022;4;9; 
18023;4;1; 
18027;16;2; 
18030;7;1; 
18031;15;1; 
18037;17;1; 
18041;2;17; 
18041;4;13; 
18045;8;1; 
18046;13;1; 
18049;1;13; 
18050;9;14; 
18070;5;1; 
18073;13;9; 
18083;5;1; 
18085;9;10; 
18090;11;1; 
18094;1;16; 
18095;12;1; 
18097;1;8; 
18098;1;15; 
18099;3;1; 
18101;14;4; 
18102;15;1; 
18105;6;1; 
18108;5;1; 
18115;12;1; 
18121;15;1; 
18124;1;16; 
18125;1;16; 
18130;16;1; 
18134;13;1; 
18139;11;1; 
18145;1;12; 
18145;8;1; 
18151;14;1; 
18152;1;12; 
18158;1;4; 
18160;3;1; 
18160;13;1; 
18163;7;1; 
18165;1;8; 
18167;6;1; 
18168;5;1; 
18176;11;1; 
18178;1;9; 
18180;1;14; 
18183;1;3; 
18188;3;1; 
18189;9;17; 
18192;10;1; 
18201;15;7; 
18204;14;6; 
18216;7;1; 
18217;8;1; 
18218;9;1; 
18221;4;1; 
18228;6;1; 
18235;10;1; 
18237;13;1; 
18239;17;14; 
18240;8;1; 
18253;1;9; 
18259;8;1; 
18261;6;1; 
18263;17;1; 
18266;2;16; 
18268;17;1; 
18270;12;1; 
18275;1;5; 
18277;1;10; 
18283;4;9; 
18284;2;1; 
18284;7;3; 
18284;16;1; 
18285;1;14; 
18289;10;1; 
18300;8;1; 
18300;17;1; 
18304;2;14; 
18306;12;15; 
18307;3;1; 
18311;6;1; 
18323;17;6; 
18325;14;1; 
18334;15;1; 
18335;10;17; 
18339;4;1; 
18341;1;16; 
18341;11;1; 
18349;15;1; 
18353;9;1; 
18359;2;5; 
18360;1;14; 
18360;3;1; 
18367;1;6; 
18374;1;13; 
18378;17;1; 
18380;6;1; 
18384;16;1; 
18386;6;11; 
18387;1;9; 
18389;1;9; 
18390;4;1; 
18391;1;2; 
18392;5;1; 
18396;1;9; 
18396;5;1; 
18397;1;7; 
18417;7;1; 
18421;3;1; 
18424;9;1; 
18426;1;16; 
18426;7;1; 
18432;4;6; 
18440;8;1; 
18455;7;6; 
18458;1;4; 
18460;11;1; 
18460;14;12; 
18464;13;1; 
18467;2;1; 
18475;1;14; 
18477;16;1; 
18481;16;17; 
18482;8;9; 
18485;8;1; 
18485;9;1; 
18491;1;7; 
18491;10;1; 
18492;13;7; 
18493;1;16; 
18497;7;1; 
18503;15;1; 
18505;16;1; 
18506;12;1; 
18507;1;12; 
18507;15;1; 
18508;3;1; 
18512;10;1; 
18519;5;15; 
18529;11;1; 
18531;1;4; 
18540;2;1; 
18549;1;16; 
18550;14;1; 
18551;9;1; 
18551;10;1; 
18551;11;1; 
18551;13;1; 
18556;6;9; 
18563;17;1; 
18564;3;1; 
18578;15;1; 
18581;13;1; 
18587;12;1; 
18588;14;1; 
18589;10;1; 
18591;4;1; 
18593;16;1; 
18597;5;3; 
18598;12;1; 
18614;16;1; 
18616;7;1; 
18620;13;1; 
18621;10;1; 
18624;6;1; 
18625;1;7; 
18629;8;1; 
18629;10;1; 
18630;17;1; 
18635;13;1; 
18644;16;1; 
18650;1;14; 
18650;1;16; 
18660;4;1; 
18662;1;12; 
18671;1;6; 
18671;13;1; 
18678;14;6; 
18679;6;1; 
18679;6;1; 
18681;11;16; 
18685;3;1; 
18690;8;17; 
18691;13;16; 
18694;8;10; 
18697;1;17; 
18709;14;1; 
18710;10;1; 
18712;2;3; 
18712;2;3; 
18718;1;7; 
18720;1;16; 
18720;1;14; 
18721;2;1; 
18724;10;1; 
18729;1;17; 
18731;3;12; 
18739;3;1; 
18739;6;1; 
18739;14;1; 
18740;9;1; 
18748;15;1; 
18748;17;1; 
18756;15;1; 
18765;5;17; 
18770;1;14; 
18770;9;16; 
18777;9;1; 
18782;4;1; 
18790;9;5; 
18792;6;1; 
18798;12;1; 
18800;1;6; 
18800;14;1; 
18801;5;1; 
18804;1;10; 
18804;11;1; 
18805;5;1; 
18805;7;1; 
18812;14;1; 
18815;1;6; 
18820;4;3; 
18824;11;1; 
18828;1;12; 
18831;12;1; 
18834;1;5; 
18834;12;1; 
18838;16;1; 
18842;7;1; 
18853;15;11; 
18855;4;1; 
18856;11;16; 
18859;17;1; 
18861;12;1; 
18862;7;15; 
18863;5;1; 
18873;2;10; 
18874;16;1; 
18877;8;1; 
18882;1;16; 
18883;15;1; 
18894;3;4; 
18899;17;1; 
18901;12;1; 
18913;15;1; 
18918;1;12; 
18922;1;12; 
18928;10;11; 
18929;15;1; 
18933;10;1; 
18940;10;1; 
18945;1;12; 
18945;6;1; 
18948;1;2; 
18948;1;3; 
18950;8;1; 
18967;5;1; 
18970;4;1; 
18976;9;6; 
18980;7;1; 
18981;1;16; 
18983;1;6; 
18983;7;3; 
18987;14;1; 
18992;6;1; 
18994;4;1; 
19000;17;12; 
19002;16;1; 
19005;1;12; 
19005;17;13; 
19006;1;13; 
19006;2;1; 
19012;1;14; 
19012;11;1; 
19022;8;1; 
19028;7;1; 
19028;8;12; 
19033;3;1; 
19033;6;1; 
19039;1;2; 
19043;9;1; 
19047;4;1; 
19057;1;5; 
19057;6;1; 
19068;16;1; 
19071;3;1; 
19075;10;13; 
19075;12;1; 
19075;17;1; 
19082;7;1; 
19089;8;1; 
19090;11;1; 
19092;13;1; 
19101;12;1; 
19103;13;1; 
19105;16;1; 
19107;11;17; 
19107;13;1; 
19111;3;1; 
19118;1;5; 
19123;11;1; 
19124;13;1; 
19125;1;8; 
19125;2;1; 
19129;12;1; 
19137;9;1; 
19138;17;1; 
19139;15;1; 
19143;14;1; 
19147;1;9; 
19147;15;1; 
19149;4;1; 
19153;2;1; 
19156;14;1; 
19158;14;1; 
19160;1;15; 
19160;5;16; 
19161;6;1; 
19165;1;14; 
19165;4;9; 
19167;1;15; 
19169;5;1; 
19176;5;1; 
19182;9;5; 
19183;2;12; 
19184;1;3; 
19189;3;16; 
19192;16;1; 
19201;10;1; 
19202;3;1; 
19205;2;15; 
19207;1;12; 
19210;8;1; 
19219;15;1; 
19222;13;1; 
19223;16;1; 
19225;1;15; 
19228;1;12; 
19236;4;1; 
19241;1;13; 
19249;2;1; 
19251;1;3; 
19251;11;1; 
19251;17;1; 
19252;6;1; 
19256;17;1; 
19270;5;16; 
19271;3;1; 
19280;11;1; 
19285;10;1; 
19289;1;13; 
19291;14;1; 
19299;1;5; 
19304;2;10; 
19308;3;1; 
19312;14;1; 
19313;7;1; 
19314;1;2; 
19314;7;1; 
19317;15;1; 
19328;13;1; 
19331;1;6; 
19331;9;1; 
19334;12;1; 
19339;11;1; 
19341;2;1; 
19341;9;2; 
19344;11;2; 
19345;1;16; 
19351;13;1; 
19355;13;1; 
19356;1;7; 
19357;1;8; 
19358;13;1; 
19362;16;10; 
19371;12;1; 
19378;4;2; 
19380;7;1; 
19380;16;3; 
19387;4;12; 
19390;5;16; 
19390;17;1; 
19391;1;6; 
19391;8;1; 
19396;1;14; 
19397;10;3; 
19399;10;1; 
19409;9;1; 
19417;8;1; 
19428;14;1; 
19430;16;1; 
19431;9;1; 
19434;2;1; 
19436;1;11; 
19439;7;1; 
19443;15;1; 
19446;15;1; 
19450;14;1; 
19454;3;10; 
19458;6;1; 
19475;1;6; 
19476;1;17; 
19477;12;1; 
19479;4;1; 
19481;6;17; 
19483;11;1; 
19484;1;4; 
19484;8;1; 
19487;12;1; 
19490;6;1; 
19492;17;7; 
19496;5;1; 
19497;5;1; 
19499;1;7; 
19505;1;6; 
19510;13;1; 
19513;14;1; 
19515;13;4; 
19522;2;13; 
19524;3;1; 
19526;1;16; 
19529;17;1; 
19530;8;17; 
19534;1;6; 
19540;16;17; 
19549;17;1; 
19550;8;1; 
19558;1;4; 
19559;11;1; 
19560;16;1; 
19563;1;10; 
19564;8;1; 
19566;1;6; 
19574;1;2; 
19576;11;1; 
19579;1;2; 
19580;1;14; 
19589;3;1; 
19592;5;13; 
19597;1;6; 
19598;15;1; 
19603;7;1; 
19605;1;16; 
19605;7;1; 
19619;1;12; 
19620;5;1; 
19621;15;1; 
19627;15;1; 
19632;1;17; 
19638;9;1; 
19650;12;5; 
19651;14;1; 
19651;16;1; 
19657;16;5; 
19658;7;8; 
19662;4;1; 
19662;17;1; 
19675;15;1; 
19676;13;1; 
19679;1;12; 
19679;1;14; 
19687;1;12; 
19687;6;1; 
19688;1;15; 
19689;4;1; 
19690;2;1; 
19690;10;1; 
19691;7;1; 
19693;4;10; 
19694;9;1; 
19696;3;1; 
19698;12;1; 
19699;8;1; 
19699;11;1; 
19713;1;4; 
19713;3;1; 
19714;10;1; 
19715;10;1; 
19719;17;1; 
19720;10;1; 
19721;1;14; 
19721;9;16; 
19721;14;1; 
19723;5;1; 
19732;13;11; 
19739;3;9; 
19745;12;1; 
19748;6;1; 
19751;9;1; 
19752;9;1; 
19754;14;1; 
19756;5;1; 
19757;4;1; 
19758;6;5; 
19758;12;6; 
19759;4;1; 
19764;1;9; 
19765;2;1; 
19765;15;1; 
19768;2;1; 
19779;2;1; 
19779;11;1; 
19780;6;1; 
19784;11;4; 
19806;2;12; 
19807;2;1; 
19817;1;17; 
19817;9;1; 
19817;10;1; 
19822;5;1; 
19824;13;1; 
19828;8;1; 
19828;13;1; 
19829;7;1; 
19831;6;1; 
19832;16;1; 
19838;15;1; 
19839;10;1; 
19843;12;1; 
19844;1;7; 
19845;17;1; 
19849;1;11; 
19849;12;1; 
19849;16;1; 
19855;1;9; 
19874;9;11; 
19874;15;17; 
19881;12;1; 
19887;10;1; 
19893;6;1; 
19894;6;1; 
19896;4;1; 
19899;3;14; 
19901;10;1; 
19913;7;1; 
19923;1;6; 
19925;1;2; 
19925;2;1; 
19925;16;1; 
19936;5;14; 
19938;11;4; 
19944;4;1; 
19944;16;1; 
19945;3;1; 
19947;2;1; 
19951;11;1; 
19952;7;1; 
19952;8;15; 
19959;4;1; 
19963;17;1; 
19964;14;1; 
19972;13;1; 
19973;1;8; 
19977;17;1; 
19978;1;15; 
19978;1;14; 
19978;6;1; 
19980;1;15; 
19989;15;1; 
19995;11;1; 
19997;1;17; 
19998;13;1; 
20000;4;1; 
20000;14;1; 
20011;9;1; 
20011;14;1; 
20012;9;1; 
20013;1;16; 
20019;5;1; 
20023;7;1; 
20028;8;1; 
20038;1;6; 
20040;1;14; 
20050;3;1; 
20050;15;1; 
20052;8;1; 
20062;11;1; 
20070;3;1; 
20075;12;1; 
20083;14;1; 
20089;1;12; 
20089;1;12; 
20090;17;1; 
20091;5;11; 
20094;1;16; 
20106;8;1; 
20106;11;8; 
20112;16;1; 
20119;1;15; 
20120;7;1; 
20125;15;1; 
20126;6;1; 
20126;11;1; 
20128;1;3; 
20133;5;1; 
20133;10;1; 
20134;4;5; 
20140;11;1; 
20144;13;7; 
20145;15;1; 
20156;1;15; 
20156;5;1; 
20159;17;1; 
20163;12;7; 
20168;6;1; 
20170;8;1; 
20174;2;1; 
20176;14;1; 
20178;17;1; 
20181;13;1; 
20190;6;1; 
20198;9;10; 
20203;7;1; 
20204;11;16; 
20212;8;1; 
20214;10;1; 
20215;16;1; 
20217;15;7; 
20222;5;1; 
20223;1;6; 
20233;1;3; 
20235;14;2; 
20238;12;16; 
20243;16;1; 
20244;1;6; 
20259;16;1; 
20263;1;15; 
20263;2;1; 
20265;1;10; 
20269;1;3; 
20270;5;1; 
20270;12;1; 
20277;4;1; 
20286;3;1; 
20288;10;6; 
20292;17;1; 
20293;1;4; 
20295;14;1; 
20297;1;13; 
20299;3;1; 
20300;17;1; 
20303;2;1; 
20305;7;1; 
20309;1;10; 
20312;2;1; 
20313;15;1; 
20319;14;1; 
20324;1;14; 
20332;9;1; 
20333;3;1; 
20334;1;7; 
20336;4;9; 
20340;1;5; 
20347;7;1; 
20353;13;1; 
20354;9;1; 
20357;1;16; 
20358;3;1; 
20371;9;1; 
20381;13;1; 
20386;1;8; 
20390;12;1; 
20395;10;6; 
20396;4;1; 
20397;8;1; 
20398;6;1; 
20400;1;4; 
20400;7;1; 
20401;11;1; 
20405;14;1; 
20406;10;1; 
20413;14;10; 
20432;14;1; 
20436;15;1; 
20438;1;17; 
20439;1;10; 
20440;1;14; 
20447;7;1; 
20448;1;7; 
20452;9;1; 
20453;1;4; 
20473;6;1; 
20474;15;1; 
20481;16;1; 
20482;8;1; 
20489;6;1; 
20491;5;1; 
20491;11;1; 
20497;13;1; 
20499;11;16; 
20505;1;12; 
20507;3;1; 
20508;10;1; 
20509;15;1; 
20509;16;1; 
20514;4;1; 
20516;9;1; 
20521;1;6; 
20524;8;5; 
20529;7;12; 
20534;13;1; 
20537;8;7; 
20538;9;1; 
20542;5;1; 
20543;3;1; 
20543;7;1; 
20554;8;15; 
20555;13;17; 
20559;1;10; 
20562;1;3; 
20567;5;1; 
20574;2;17; 
20574;4;1; 
20576;12;1; 
20586;1;9; 
20588;15;1; 
20592;1;14; 
20594;3;1; 
20595;1;12; 
20603;16;1; 
20612;9;15; 
20614;16;1; 
20617;1;16; 
20617;10;1; 
20617;17;1; 
20624;10;1; 
20634;4;16; 
20636;17;1; 
20641;1;8; 
20645;6;1; 
20646;2;8; 
20647;5;1; 
20657;12;1; 
20658;17;12; 
20658;17;1; 
20659;14;1; 
20667;11;1; 
20673;13;1; 
20674;4;1; 
20674;8;17; 
20676;2;9; 
20677;12;1; 
20678;12;1; 
20683;6;1; 
20686;2;1; 
20694;1;16; 
20698;3;1; 
20701;4;1; 
20703;11;1; 
20708;10;1; 
20713;17;1; 
20715;12;1; 
20719;9;1; 
20720;7;1; 
20724;1;2; 
20733;1;8; 
20743;1;3; 
20745;1;3; 
20745;5;1; 
20750;4;1; 
20756;10;9; 
20759;1;2; 
20761;7;1; 
20765;1;14; 
20773;2;1; 
20778;4;1; 
20786;1;3; 
20787;17;1; 
20790;1;4; 
20791;1;8; 
20791;5;1; 
20794;10;1; 
20797;5;1; 
20797;8;1; 
20798;1;8; 
20798;15;1; 
20800;1;2; 
20801;12;1; 
20804;1;10; 
20813;1;13; 
20814;1;12; 
20815;1;13; 
20815;1;13; 
20817;6;1; 
20822;14;1; 
20827;11;1; 
20827;16;1; 
20836;17;1; 
20837;15;1; 
20838;13;1; 
20839;10;1; 
20839;13;1; 
20841;1;11; 
20843;1;3; 
20845;1;15; 
20853;1;2; 
20855;3;1; 
20859;14;1; 
20862;5;8; 
20863;7;1; 
20867;1;15; 
20879;1;11; 
20882;2;1; 
20884;11;1; 
20888;12;1; 
20896;3;1; 
20899;1;15; 
20900;13;1; 
20901;1;17; 
20903;4;1; 
20911;1;11; 
20914;1;12; 
20915;2;1; 
20916;2;1; 
20916;12;1; 
20916;15;1; 
20919;11;1; 
20922;1;13; 
20923;1;10; 
20925;6;1; 
20929;1;2; 
20929;16;1; 
20931;14;1; 
20943;8;1; 
20946;3;1; 
20947;9;1; 
20948;13;1; 
20952;6;1; 
20954;1;3; 
20954;16;1; 
20956;6;1; 
20960;14;2; 
20963;1;17; 
20964;16;1; 
20965;1;2; 
20965;15;1; 
20974;7;1; 
20979;1;9; 
20983;17;1; 
20989;1;5; 
20989;9;1; 
20990;8;1; 
20991;3;1; 
20993;1;5; 
21002;1;6; 
21011;1;8; 
21020;17;1; 
21028;16;1; 
21030;3;1; 
21033;1;6; 
21036;7;1; 
21040;1;14; 
21040;2;1; 
21041;4;1; 
21046;8;1; 
21050;6;1; 
21050;8;1; 
21051;1;11; 
21055;9;1; 
21055;16;1; 
21057;1;17; 
21058;13;1; 
21058;15;1; 
21061;1;4; 
21062;1;7; 
21063;6;2; 
21066;1;16; 
21069;16;1; 
21070;6;1; 
21082;14;4; 
21092;1;9; 
21095;9;14; 
21102;17;1; 
21105;7;1; 
21111;15;1; 
21112;13;1; 
21118;3;16; 
21125;14;1; 
21127;11;1; 
21128;11;1; 
21128;15;1; 
21130;9;1; 
21132;1;8; 
21137;5;1; 
21144;12;1; 
21146;1;9; 
21151;12;10; 
21153;1;7; 
21154;1;6; 
21155;1;13; 
21155;1;11; 
21160;7;1; 
21161;4;1; 
21161;5;1; 
21165;1;7; 
21165;10;1; 
21166;1;2; 
21170;10;1; 
21172;16;1; 
21174;5;16; 
21175;1;4; 
21181;1;10; 
21183;1;4; 
21187;11;1; 
21187;14;1; 
21189;13;2; 
21191;3;1; 
21193;15;1; 
21195;1;13; 
21197;14;1; 
21207;2;1; 
21208;1;6; 
21210;1;6; 
21221;1;11; 
21224;1;4; 
21228;1;9; 
21235;7;9; 
21236;1;13; 
21244;17;1; 
21252;4;1; 
21263;1;12; 
21263;4;1; 
21266;13;1; 
21271;5;1; 
21274;6;1; 
21279;1;3; 
21279;2;1; 
21280;1;7; 
21281;8;15; 
21285;12;1; 
21286;10;1; 
21291;3;8; 
21293;2;1; 
21293;9;1; 
21293;17;1; 
21295;1;3; 
21296;12;6; 
21297;1;12; 
21298;1;8; 
21299;10;1; 
21300;13;1; 
21301;1;11; 
21306;1;16; 
21313;9;1; 
21321;11;1; 
21332;3;1; 
21335;1;6; 
21335;1;13; 
21337;14;1; 
21338;6;1; 
21339;5;1; 
21339;6;1; 
21340;4;1; 
21341;2;1; 
21341;17;1; 
21342;1;13; 
21343;11;1; 
21346;1;7; 
21348;12;1; 
21354;1;2; 
21358;1;9; 
21363;3;1; 
21364;7;1; 
21368;9;1; 
21372;15;1; 
21376;1;16; 
21378;2;1; 
21382;1;3; 
21382;10;1; 
21390;1;13; 
21393;1;12; 
21404;3;1; 
21404;6;1; 
21407;13;1; 
21410;5;12; 
21411;1;12; 
21418;1;3; 
21419;3;1; 
21425;14;1; 
21427;4;1; 
21427;10;1; 
21432;16;1; 
21439;1;2; 
21441;8;1; 
21444;1;2; 
21445;12;1; 
21447;5;1; 
21453;7;1; 
21455;15;1; 
21464;1;10; 
21469;10;1; 
21472;1;7; 
21483;1;3; 
21491;17;1; 
21494;1;7; 
21499;2;1; 
21499;8;1; 
21504;9;1; 
21504;16;1; 
21509;4;1; 
21515;1;8; 
21517;14;1; 
21520;1;8; 
21522;1;11; 
21523;1;14; 
21528;1;12; 
21528;7;1; 
21531;1;16; 
21533;1;8; 
21538;13;1; 
21539;2;17; 
21540;1;2; 
21540;1;12; 
21542;11;1; 
21544;1;16; 
21551;13;1; 
21563;1;5; 
21564;15;1; 
21566;7;1; 
21566;8;13; 
21569;4;1; 
21571;1;16; 
21575;17;1; 
21578;6;1; 
21580;1;16; 
21582;8;1; 
21589;17;1; 
21590;12;1; 
21591;1;7; 
21592;9;1; 
21594;5;1; 
21596;11;1; 
21596;16;1; 
21600;13;1; 
21602;3;10; 
21604;1;9; 
21605;1;11; 
21607;1;5; 
21613;1;9; 
21615;7;9; 
21618;8;4; 
21621;14;1; 
21628;11;1; 
21630;1;17; 
21632;12;8; 
21634;1;9; 
21639;1;10; 
21639;1;9; 
21639;5;1; 
21640;9;4; 
21642;1;12; 
21643;4;1; 
21651;17;1; 
21653;14;6; 
21654;1;10; 
21656;1;16; 
21659;1;16; 
21679;1;16; 
21681;5;1; 
21684;8;1; 
21685;7;6; 
21687;1;16; 
21691;1;5; 
21697;11;1; 
21699;3;1; 
21706;1;5; 
21714;1;3; 
21714;1;14; 
21716;2;1; 
21717;1;15; 
21725;10;1; 
21729;1;2; 
21734;6;1; 
21740;15;4; 
21746;1;2; 
21748;1;16; 
21753;13;1; 
21755;4;1; 
21762;17;1; 
21764;1;17; 
21773;1;17; 
21773;1;3; 
21777;1;10; 
21778;1;4; 
21780;14;1; 
21781;1;11; 
21784;1;11; 
21786;12;1; 
21800;16;1; 
21806;1;15; 
21806;6;1; 
21810;1;8; 
21816;1;11; 
21823;10;1; 
21825;1;14; 
21826;1;14; 
21829;1;9; 
21830;1;5; 
21832;1;11; 
21832;9;1; 
21836;1;4; 
21846;15;1; 
21848;2;1; 
21863;1;13; 
21867;1;17; 
21877;1;10; 
21877;16;1; 
21884;1;17; 
21885;6;1; 
21898;1;14; 
21903;15;1; 
21906;7;1; 
21914;14;1; 
21918;1;11; 
21922;10;1; 
21923;5;1; 
21932;1;13; 
21934;4;1; 
21936;8;5; 
21941;12;1; 
21952;1;16; 
21958;1;7; 
21958;1;4; 
21966;1;5; 
21970;15;1; 
21972;11;1; 
21974;1;10; 
21978;2;1; 
21980;13;1; 
21981;1;14; 
21986;9;13; 
21989;1;6; 
21993;1;12; 
22009;12;1; 
22010;9;1; 
22013;17;1; 
22015;1;12; 
22023;16;1; 
22029;1;13; 
22029;1;12; 
22035;2;1; 
22036;1;3; 
22040;1;16; 
22041;1;15; 
22043;8;14; 
22053;1;11; 
22054;1;8; 
22062;10;1; 
22064;14;1; 
22066;1;17; 
22071;13;1; 
22072;1;14; 
22073;11;1; 
22074;1;9; 
22076;1;3; 
22083;1;16; 
22084;1;8; 
22085;1;15; 
22090;1;12; 
22090;1;16; 
22095;3;1; 
22103;1;16; 
22104;6;1; 
22105;1;9; 
22108;7;10; 
22109;1;9; 
22110;16;6; 
22127;1;10; 
22130;1;6; 
22145;1;9; 
22149;5;1; 
22150;3;5; 
22152;1;8; 
22156;4;1; 
22158;1;16; 
22160;6;1; 
22169;1;17; 
22179;1;6; 
22179;1;14; 
22182;17;14; 
22184;1;13; 
22188;1;7; 
22195;1;3; 
22196;1;8; 
22200;1;8; 
22201;1;14; 
22204;1;12; 
22211;17;1; 
22224;1;14; 
22232;1;11; 
22232;12;1; 
22232;16;1; 
22234;8;1; 
22234;10;1; 
22236;13;8; 
22237;1;3; 
22237;1;15; 
22240;3;1; 
22244;1;2; 
22246;1;9; 
22247;1;15; 
22248;9;1; 
22258;1;12; 
22266;4;1; 
22267;11;12; 
22272;1;2; 
22295;1;2; 
22296;1;15; 
22297;1;4; 
22300;1;11; 
22302;1;13; 
22303;1;9; 
22306;5;1; 
22307;8;1; 
22310;1;7; 
22312;1;14; 
22319;11;1; 
22321;1;15; 
22323;10;1; 
22324;5;9; 
22326;6;1; 
22346;1;12; 
22352;1;8; 
22365;1;3; 
22369;1;11; 
22370;1;16; 
22380;1;2; 
22390;1;8; 
22395;14;1; 
22401;16;15; 
22405;2;1; 
22412;1;15; 
22412;3;1; 
22416;1;11; 
22428;7;1; 
22428;9;14; 
22432;6;1; 
22433;1;8; 
22436;1;7; 
22441;1;8; 
22444;1;15; 
22449;1;9; 
22455;14;13; 
22460;1;13; 
22460;1;11; 
22461;2;17; 
22463;1;9; 
22464;15;1; 
22469;4;15; 
22470;1;8; 
22474;12;1; 
22477;1;17; 
22478;1;11; 
22479;10;1; 
22483;17;1; 
22491;1;7; 
22492;7;1; 
22492;15;1; 
22495;13;12; 
22498;1;13; 
22501;1;13; 
22502;1;11; 
22503;1;15; 
22503;1;2; 
22506;3;11; 
22513;15;1; 
22523;14;1; 
22525;13;1; 
22535;1;2; 
22536;15;1; 
22541;1;7; 
22542;1;15; 
22542;14;1; 
22557;9;10; 
22571;1;4; 
22572;17;1; 
22576;12;1; 
22577;1;2; 
22578;1;15; 
22594;1;5; 
22594;1;12; 
22600;5;1; 
22601;1;6; 
22613;10;1; 
22617;1;2; 
22620;1;13; 
22631;1;2; 
22631;9;1; 
22634;16;5; 
22636;1;10; 
22637;1;12; 
22638;1;9; 
22643;1;4; 
22643;1;7; 
22653;2;1; 
22653;4;11; 
22654;1;3; 
22659;8;1; 
22660;1;4; 
22662;1;2; 
22667;1;10; 
22670;6;1; 
22671;5;1; 
22671;11;1; 
22672;17;1; 
22675;1;15; 
22680;1;7; 
22686;1;15; 
22687;1;14; 
22688;1;17; 
22690;1;8; 
22696;1;9; 
22697;7;1; 
22700;1;2; 
22704;13;15; 
22705;4;1; 
22706;3;1; 
22707;1;13; 
22713;1;10; 
22718;1;16; 
22718;6;9; 
22724;2;1; 
22733;7;1; 
22733;16;4; 
22734;1;16; 
22736;1;6; 
22743;1;13; 
22744;1;5; 
22748;1;17; 
22748;12;1; 
22754;10;1; 
22755;1;11; 
22765;1;17; 
22775;8;2; 
22780;1;10; 
22782;11;14; 
22783;1;13; 
22784;1;16; 
22807;1;6; 
22807;17;1; 
22813;11;1; 
22819;16;10; 
22822;1;4; 
22840;1;7; 
22840;15;11; 
22842;1;11; 
22848;16;1; 
22860;1;7; 
22862;1;8; 
22864;1;4; 
22866;4;1; 
22869;9;1; 
22872;1;12; 
22874;6;1; 
22876;7;1; 
22879;1;16; 
22889;15;6; 
22892;1;4; 
22894;1;10; 
22902;1;2; 
22903;1;15; 
22904;1;6; 
22909;17;1; 
22910;12;7; 
22912;11;1; 
22913;3;1; 
22924;1;6; 
22927;1;4; 
22931;8;1; 
22933;4;3; 
22935;1;7; 
22937;7;4; 
22945;1;16; 
22945;1;14; 
22946;1;14; 
22946;5;1; 
22947;8;1; 
22949;10;4; 
22953;1;14; 
22956;1;16; 
22957;14;9; 
22964;12;1; 
22973;1;16; 
22975;1;9; 
22976;1;7; 
22978;1;5; 
22982;1;11; 
22996;1;11; 
23006;1;14; 
23008;1;16; 
23014;1;16; 
23016;1;16; 
23018;1;16; 
23026;1;14; 
23033;1;12; 
23033;1;14; 
23036;10;1; 
23041;1;2; 
23044;5;1; 
23048;1;15; 
23049;1;16; 
23054;1;9; 
23058;1;4; 
23059;9;1; 
23060;3;1; 
23061;6;14; 
23064;1;7; 
23065;1;15; 
23071;13;8; 
23071;14;1; 
23074;13;1; 
23079;1;17; 
23080;1;15; 
23083;2;1; 
23086;1;9; 
23091;1;12; 
23095;2;1; 
23115;14;1; 
23115;16;12; 
23117;5;1; 
23118;10;1; 
23119;1;17; 
23124;11;1; 
23129;1;12; 
23129;6;1; 
23134;1;15; 
23135;1;4; 
23142;14;1; 
23145;1;9; 
23147;4;6; 
23148;1;10; 
23148;16;1; 
23161;1;17; 
23161;13;1; 
23166;1;4; 
23166;3;1; 
23167;1;8; 
23170;1;17; 
23178;1;3; 
23180;1;14; 
23183;1;16; 
23184;7;1; 
23185;1;4; 
23186;1;16; 
23191;3;17; 
23191;15;9; 
23193;1;16; 
23195;1;13; 
23196;10;1; 
23196;11;1; 
23198;1;13; 
23199;1;9; 
23204;12;1; 
23211;12;14; 
23222;1;7; 
23227;1;15; 
23230;1;3; 
23239;8;1; 
23241;1;3; 
23242;1;10; 
23243;1;5; 
23244;9;1; 
23245;1;10; 
23246;1;5; 
23248;1;3; 
23248;1;6; 
23254;1;12; 
23260;5;1; 
23261;1;17; 
23268;1;16; 
23274;9;1; 
23277;1;15; 
23280;1;12; 
23281;1;13; 
23288;1;8; 
23294;1;15; 
23295;17;1; 
23307;2;1; 
23317;15;1; 
23325;6;7; 
23327;1;9; 
23329;13;1; 
23337;1;12; 
23337;11;1; 
23339;4;1; 
23343;1;3; 
23348;1;12; 
23348;7;1; 
23356;1;2; 
23364;1;10; 
23372;8;1; 
23372;17;9; 
23388;1;17; 
23389;2;1; 
23390;1;9; 
23396;1;3; 
23399;1;12; 
23401;12;1; 
23402;1;16; 
23406;16;1; 
23411;1;16; 
23414;4;13; 
23418;1;11; 
23420;1;2; 
23422;17;13; 
23425;1;13; 
23438;1;4; 
23440;1;10; 
23440;1;12; 
23443;1;10; 
23450;1;17; 
23453;15;1; 
23461;3;1; 
23465;1;4; 
23469;7;1; 
23469;8;1; 
23472;1;7; 
23474;1;5; 
23474;11;8; 
23477;1;12; 
23479;14;1; 
23481;1;17; 
23484;6;16; 
23491;1;9; 
23493;1;17; 
23494;1;9; 
23510;1;10; 
23515;1;13; 
23523;1;7; 
23525;16;10; 
23528;12;11; 
23536;1;8; 
23543;1;16; 
23545;11;12; 
23547;1;10; 
23559;1;12; 
23560;1;10; 
23566;1;16; 
23566;10;1; 
23568;2;8; 
23572;1;8; 
23574;3;1; 
23585;1;8; 
23593;1;4; 
23595;1;15; 
23596;14;5; 
23597;1;6; 
23602;1;12; 
23604;1;8; 
23607;15;2; 
23609;8;1; 
23610;6;2; 
23614;17;1; 
23615;1;14; 
23624;1;11; 
23624;1;7; 
23625;1;17; 
23635;1;12; 
23636;13;1; 
23637;1;8; 
23637;2;9; 
23638;9;1; 
23641;9;10; 
23649;1;7; 
23655;1;6; 
23656;1;14; 
23656;13;17; 
23658;1;15; 
23667;1;15; 
23667;1;17; 
23670;1;2; 
23672;1;9; 
23672;10;1; 
23675;1;9; 
23675;5;13; 
23679;1;15; 
23679;4;1; 
23681;1;16; 
23688;1;4; 
23694;1;14; 
23695;1;9; 
23695;5;1; 
23702;1;12; 
23705;4;11; 
23707;1;4; 
23708;1;2; 
23713;1;6; 
23717;1;13; 
23725;1;13; 
23728;1;3; 
23728;1;3; 
23731;3;1; 
23731;5;1; 
23732;1;2; 
23734;1;11; 
23737;17;16; 
23745;1;11; 
23747;15;1; 
23748;5;16; 
23749;2;8; 
23752;1;17; 
23753;1;10; 
23756;1;17; 
23760;12;9; 
23762;1;16; 
23762;1;2; 
23763;2;16; 
23768;1;10; 
23768;12;1; 
23775;1;5; 
23777;3;1; 
23778;11;1; 
23798;9;11; 
23801;1;9; 
23814;1;14; 
23814;11;1; 
23816;1;13; 
23816;1;6; 
23822;1;12; 
23830;14;7; 
23838;9;5; 
23843;1;10; 
23845;1;7; 
23849;16;1; 
23856;8;1; 
23857;8;1; 
23867;1;12; 
23872;7;6; 
23873;1;11; 
23874;1;8; 
23878;1;10; 
23883;1;11; 
23883;1;9; 
23883;10;7; 
23887;1;9; 
23893;1;5; 
23900;1;14; 
23900;1;12; 
23902;1;13; 
23903;1;15; 
23904;1;2; 
23905;1;11; 
23910;13;7; 
23910;16;1; 
23913;1;5; 
23913;6;1; 
23916;1;3; 
23917;4;1; 
23919;1;10; 
23933;10;1; 
23940;1;4; 
23940;1;11; 
23946;1;9; 
23953;1;14; 
23954;17;3; 
23956;1;3; 
23960;1;4; 
23961;1;10; 
23974;1;13; 
23976;13;10; 
23979;1;9; 
23981;1;15; 
23991;1;4; 
23999;1;7; 
24000;1;17; 
24000;12;15; 
24001;1;12; 
24001;16;1; 
24006;10;15; 
24010;1;10; 
24010;1;12; 
24013;1;3; 
24015;1;11; 
24016;1;17; 
24021;1;4; 
24024;1;15; 
24024;1;6; 
24024;8;1; 
24036;1;15; 
24036;1;8; 
24039;1;5; 
24057;11;9; 
24061;7;11; 
24063;1;8; 
24064;1;14; 
24064;3;6; 
24065;1;8; 
24067;1;11; 
24068;1;9; 
24074;13;9; 
24078;5;17; 
24086;12;9; 
24088;1;3; 
24089;1;4; 
24090;15;1; 
24107;13;1; 
24108;1;15; 
24111;1;10; 
24114;1;11; 
24133;1;13; 
24134;8;6; 
24135;1;12; 
24140;1;7; 
24141;1;9; 
24143;14;4; 
24143;17;1; 
24144;10;7; 
24145;1;8; 
24147;1;2; 
24148;4;1; 
24150;1;13; 
24158;1;17; 
24169;2;5; 
24169;9;14; 
24192;1;9; 
24192;1;6; 
24195;14;2; 
24199;1;14; 
24201;1;12; 
24202;1;6; 
24203;6;1; 
24207;1;11; 
24214;11;10; 
24219;15;9; 
24221;1;14; 
24223;1;16; 
24224;9;6; 
24225;2;1; 
24228;3;1; 
24229;6;1; 
24230;1;7; 
24232;1;16; 
24243;17;1; 
24245;1;17; 
24246;1;5; 
24247;1;11; 
24250;1;14; 
24258;5;14; 
24259;1;16; 
24260;1;10; 
24260;16;1; 
24270;1;3; 
24275;1;14; 
24276;1;10; 
24281;1;6; 
24283;1;11; 
24284;1;17; 
24290;1;15; 
24304;1;12; 
24306;1;11; 
24306;14;1; 
24317;12;9; 
24318;1;14; 
24320;1;9; 
24325;1;11; 
24333;6;1; 
24333;10;2; 
24334;1;12; 
24335;1;8; 
24336;1;9; 
24338;1;17; 
24341;1;4; 
24341;1;5; 
24342;3;1; 
24345;9;1; 
24346;5;1; 
24347;1;8; 
24350;1;4; 
24355;13;1; 
24357;1;7; 
24361;11;10; 
24368;1;6; 
24368;2;1; 
24369;1;11; 
24369;1;12; 
24370;1;4; 
24373;1;14; 
24373;1;12; 
24373;15;4; 
24377;1;7; 
24381;1;14; 
24381;12;10; 
24381;17;6; 
24399;1;9; 
24401;8;1; 
24408;1;11; 
24413;1;2; 
24417;1;8; 
24419;1;8; 
24422;1;6; 
24444;1;6; 
24447;4;1; 
24450;2;3; 
24451;1;6; 
24454;1;14; 
24454;7;14; 
24454;17;16; 
24455;1;12; 
24455;15;4; 
24457;3;13; 
24462;1;13; 
24463;1;16; 
24463;1;16; 
24464;1;10; 
24466;9;16; 
24471;1;13; 
24471;1;12; 
24473;1;9; 
24482;1;13; 
24483;1;11; 
24491;4;1; 
24496;1;15; 
24499;1;4; 
24509;1;13; 
24510;1;10; 
24512;1;12; 
24514;13;1; 
24518;11;1; 
24530;1;12; 
24530;1;10; 
24532;1;9; 
24532;1;16; 
24534;1;5; 
24534;1;4; 
24534;16;1; 
24537;1;9; 
24539;16;1; 
24553;1;4; 
24562;1;13; 
24563;14;1; 
24569;10;1; 
24572;1;16; 
24579;1;8; 
24584;7;10; 
24586;1;4; 
24588;5;14; 
24590;1;2; 
24590;1;12; 
24592;1;10; 
24600;1;9; 
24601;15;1; 
24604;2;10; 
24614;1;4; 
24614;1;14; 
24625;6;1; 
24629;1;11; 
24634;1;16; 
24638;3;12; 
24646;1;4; 
24649;1;10; 
24650;1;15; 
24657;1;3; 
24658;1;7; 
24660;1;9; 
24662;4;8; 
24664;1;8; 
24664;3;7; 
24665;1;16; 
24672;1;12; 
24672;1;2; 
24672;15;13; 
24674;1;14; 
24674;1;17; 
24674;9;8; 
24684;8;4; 
24692;1;16; 
24695;14;16; 
24700;1;12; 
24704;1;13; 
24707;1;13; 
24710;1;16; 
24715;1;9; 
24718;2;3; 
24719;1;5; 
24725;1;11; 
24731;6;1; 
24735;1;6; 
24737;1;17; 
24738;7;8; 
24743;16;1; 
24747;11;9; 
24750;1;16; 
24763;1;15; 
24768;1;17; 
24769;11;1; 
24772;1;4; 
24776;1;2; 
24776;1;17; 
24776;1;3; 
24779;1;8; 
24784;5;17; 
24786;12;16; 
24788;8;1; 
24795;1;4; 
24796;1;8; 
24796;13;12; 
24801;1;8; 
24803;1;16; 
24803;1;5; 
24808;1;6; 
24809;1;6; 
24814;16;15; 
24815;14;1; 
24816;1;4; 
24818;13;1; 
24820;10;1; 
24820;17;8; 
24822;1;5; 
24826;1;4; 
24828;17;5; 
24832;5;1; 
24836;1;12; 
24837;1;14; 
24842;1;12; 
24843;1;3; 
24845;1;15; 
24853;1;16; 
24859;1;11; 
24863;1;17; 
24870;1;10; 
24870;1;13; 
24872;9;17; 
24877;1;2; 
24879;1;11; 
24880;1;7; 
24882;1;7; 
24893;1;8; 
24897;1;15; 
24898;4;17; 
24900;2;1; 
24907;1;15; 
24915;1;2; 
24915;1;9; 
24917;1;9; 
24919;1;17; 
24920;1;15; 
24926;1;4; 
24935;1;2; 
24935;10;1; 
24938;1;17; 
24939;1;10; 
24945;1;13; 
24945;15;1; 
24952;1;9; 
24952;1;5; 
24962;1;14; 
24963;1;13; 
24969;1;4; 
24970;13;1; 
24976;9;12; 
24977;8;4; 
24979;1;7; 
24980;1;11; 
24986;1;9; 
24986;1;17; 
24987;17;1; 
24991;9;1; 
24995;1;5; 
25007;1;5; 
25013;11;5; 
25014;1;16; 
25019;1;10; 
25020;1;5; 
25024;12;1; 
25027;1;17; 
25037;1;14; 
25037;1;7; 
25038;3;12; 
25040;1;16; 
25052;1;13; 
25053;1;12; 
25057;1;5; 
25060;1;7; 
25062;16;1; 
25063;1;9; 
25063;1;12; 
25064;1;7; 
25069;1;17; 
25072;1;14; 
25077;1;14; 
25082;1;3; 
25085;4;9; 
25090;1;9; 
25093;5;1; 
25095;1;16; 
25096;1;13; 
25098;15;3; 
25101;1;12; 
25106;1;2; 
25111;1;16; 
25113;3;1; 
25114;8;1; 
25115;4;16; 
25121;1;12; 
25125;1;6; 
25143;1;10; 
25145;13;9; 
25146;1;3; 
25147;1;9; 
25147;1;9; 
25150;11;14; 
25154;1;3; 
25157;1;10; 
25158;1;13; 
25158;14;1; 
25160;1;13; 
25161;1;12; 
25163;7;1; 
25164;6;13; 
25167;5;7; 
25170;1;4; 
25170;16;1; 
25173;1;10; 
25179;1;4; 
25183;7;1; 
25184;1;14; 
25189;1;16; 
25189;14;7; 
25197;6;4; 
25207;1;5; 
25213;1;11; 
25220;1;3; 
25223;13;7; 
25237;9;14; 
25240;1;14; 
25250;1;3; 
25253;1;16; 
25256;1;14; 
25261;5;17; 
25263;1;2; 
25267;1;3; 
25292;1;14; 
25294;1;8; 
25302;1;14; 
25305;1;7; 
25307;7;5; 
25318;1;17; 
25321;1;2; 
25325;10;4; 
25336;4;8; 
25340;12;2; 
25342;7;6; 
25344;8;1; 
25347;3;1; 
25354;1;6; 
25367;16;1; 
25369;15;14; 
25370;6;1; 
25370;14;1; 
25373;1;3; 
25375;1;14; 
25375;1;17; 
25377;1;17; 
25379;1;2; 
25384;1;6; 
25387;14;4; 
25393;1;11; 
25403;5;9; 
25414;9;1; 
25414;16;10; 
25424;1;11; 
25427;11;15; 
25428;1;5; 
25431;13;1; 
25434;1;11; 
25454;1;11; 
25460;1;6; 
25462;2;7; 
25464;17;11; 
25483;1;7; 
25494;1;7; 
25494;1;15; 
25499;1;14; 
25499;1;12; 
25504;1;12; 
25510;1;6; 
25512;10;1; 
25515;9;1; 
25537;1;16; 
25539;9;1; 
25552;17;11; 
25561;15;10; 
25565;1;12; 
25566;1;12; 
25570;1;3; 
25577;2;1; 
25577;3;1; 
25582;1;16; 
25590;1;17; 
25591;1;6; 
25600;1;14; 
25607;1;9; 
25608;1;4; 
25610;1;8; 
25617;1;5; 
25617;14;1; 
25618;13;15; 
25620;1;5; 
25620;12;1; 
25627;1;6; 
25628;1;8; 
25631;5;1; 
25632;6;1; 
25637;1;8; 
25637;1;7; 
25637;1;12; 
25650;1;8; 
25654;1;14; 
25656;1;16; 
25660;7;1; 
25667;1;13; 
25677;16;9; 
25679;8;10; 
25680;1;7; 
25680;4;1; 
25680;17;8; 
25691;1;7; 
25704;6;1; 
25705;1;6; 
25714;1;4; 
25717;2;1; 
25720;16;1; 
25724;1;7; 
25731;1;8; 
25761;1;8; 
25762;12;16; 
25765;1;13; 
25773;5;3; 
25788;11;15; 
25789;1;11; 
25798;1;10; 
25805;1;10; 
25810;1;10; 
25814;5;8; 
25821;7;17; 
25829;1;16; 
25840;1;5; 
25840;15;4; 
25852;1;7; 
25861;1;8; 
25869;1;12; 
25879;1;12; 
25889;1;17; 
25891;8;5; 
25895;1;10; 
25895;3;5; 
25895;6;1; 
25896;8;5; 
25910;3;1; 
25912;1;6; 
25923;1;10; 
25927;1;13; 
25931;1;2; 
25946;14;2; 
25957;11;1; 
25959;9;1; 
25969;1;5; 
25973;1;9; 
25973;1;17; 
25977;1;6; 
25978;4;8; 
25984;1;6; 
26000;6;1; 
26001;1;11; 
26004;17;1; 
26018;1;8; 
26019;1;7; 
26019;1;6; 
26027;1;12; 
26037;1;12; 
26049;1;5; 
26049;16;11; 
26050;10;1; 
26055;1;5; 
26056;1;15; 
26064;1;3; 
26064;15;1; 
26066;1;15; 
26066;12;15; 
26069;13;12; 
26072;1;13; 
26074;2;7; 
26077;7;4; 
26078;1;10; 
26081;1;16; 
26085;17;14; 
26088;16;3; 
26092;5;1; 
26104;7;9; 
26112;1;10; 
26130;1;17; 
26131;1;9; 
26134;17;1; 
26135;1;2; 
26136;1;15; 
26141;1;14; 
26146;1;4; 
26169;1;12; 
26184;4;1; 
26189;13;1; 
26203;11;3; 
26210;16;7; 
26215;1;4; 
26218;1;12; 
26219;14;2; 
26221;1;13; 
26224;1;3; 
26228;3;16; 
26229;15;1; 
26242;16;1; 
26247;1;11; 
26248;6;15; 
26249;9;13; 
26254;1;10; 
26256;10;1; 
26267;5;1; 
26269;1;10; 
26272;1;6; 
26274;9;5; 
26286;1;17; 
26286;15;16; 
26301;17;6; 
26307;1;10; 
26308;3;4; 
26316;13;8; 
26318;1;3; 
26319;4;12; 
26319;12;1; 
26329;1;16; 
26332;10;2; 
26334;1;13; 
26340;6;1; 
26355;1;17; 
26355;2;16; 
26356;1;11; 
26358;1;8; 
26360;7;1; 
26361;14;9; 
26364;1;11; 
26365;2;14; 
26379;12;9; 
26390;1;14; 
26395;8;1; 
26406;4;3; 
26413;1;9; 
26418;1;13; 
26419;1;14; 
26424;1;13; 
26424;3;5; 
26440;5;1; 
26444;2;3; 
26445;1;3; 
26446;8;17; 
26453;17;4; 
26455;17;1; 
26458;9;1; 
26459;1;4; 
26462;1;7; 
26470;11;7; 
26486;6;1; 
26507;7;1; 
26521;1;2; 
26522;13;2; 
26529;1;14; 
26531;1;6; 
26535;8;9; 
26537;1;8; 
26537;7;3; 
26542;1;6; 
26547;15;1; 
26556;1;5; 
26561;1;8; 
26562;12;1; 
26573;1;6; 
26573;15;14; 
26576;14;5; 
26577;3;10; 
26583;1;9; 
26583;1;12; 
26583;14;1; 
26588;1;15; 
26608;11;13; 
26612;1;17; 
26613;6;12; 
26639;1;10; 
26640;12;6; 
26641;1;15; 
26643;1;15; 
26644;13;2; 
26649;1;3; 
26649;5;1; 
26650;16;7; 
26650;16;12; 
26651;1;12; 
26652;10;12; 
26660;1;16; 
26667;10;1; 
26670;1;10; 
26697;9;1; 
26703;1;2; 
26706;4;10; 
26717;8;1; 
26725;1;7; 
26745;1;15; 
26755;10;14; 
26757;16;12; 
26766;1;14; 
26768;13;5; 
26771;1;3; 
26771;1;12; 
26779;1;8; 
26779;15;9; 
26783;1;3; 
26805;15;10; 
26809;6;9; 
26810;1;14; 
26811;7;1; 
26821;1;15; 
26823;1;16; 
26827;1;3; 
26841;8;1; 
26844;1;8; 
26846;1;5; 
26850;1;5; 
26851;10;1; 
26853;17;1; 
26861;9;15; 
26872;17;1; 
26876;1;2; 
26881;11;7; 
26882;3;11; 
26886;2;1; 
26888;9;4; 
26890;5;1; 
26892;1;6; 
26893;14;1; 
26894;1;17; 
26934;11;9; 
26938;6;15; 
26952;1;17; 
26961;5;17; 
26964;7;1; 
26971;12;1; 
26972;1;2; 
26972;12;1; 
26974;2;7; 
26976;13;14; 
26977;1;13; 
26978;1;16; 
26983;1;8; 
26984;1;3; 
26988;3;14; 
26988;14;17; 
26993;1;6; 
26997;1;11; 
27013;1;13; 
27026;11;16; 
27031;14;15; 
27034;1;9; 
27041;8;11; 
27048;1;9; 
27048;8;1; 
27052;3;1; 
27054;12;9; 
27056;12;17; 
27063;14;5; 
27078;10;4; 
27086;9;4; 
27096;5;1; 
27097;7;1; 
27098;11;9; 
27108;1;4; 
27112;13;6; 
27134;2;1; 
27144;6;5; 
27155;1;10; 
27158;17;7; 
27160;1;17; 
27160;4;1; 
27161;15;7; 
27163;17;5; 
27165;1;17; 
27167;1;11; 
27180;16;7; 
27185;16;14; 
27200;15;4; 
27203;1;15; 
27203;10;12; 
27208;4;1; 
27209;1;2; 
27214;1;14; 
27222;13;15; 
27225;1;6; 
27225;1;5; 
27227;3;1; 
27229;1;17; 
27229;1;10; 
27236;1;9; 
27239;1;4; 
27251;6;12; 
27259;1;6; 
27280;1;17; 
27294;2;5; 
27296;5;2; 
27298;9;15; 
27303;16;1; 
27304;1;15; 
27308;13;1; 
27312;17;1; 
27315;7;6; 
27318;6;3; 
27324;1;6; 
27324;1;17; 
27327;1;10; 
27327;11;9; 
27352;1;15; 
27352;5;11; 
27357;1;8; 
27358;10;1; 
27360;1;13; 
27377;1;2; 
27377;7;13; 
27396;2;15; 
27403;1;13; 
27407;15;3; 
27412;1;16; 
27422;4;11; 
27423;1;5; 
27440;14;8; 
27453;12;1; 
27461;13;6; 
27464;8;10; 
27481;2;12; 
27482;10;1; 
27483;1;11; 
27494;1;5; 
27510;1;10; 
27511;9;1; 
27518;1;8; 
27528;14;8; 
27538;1;5; 
27544;3;1; 
27557;1;16; 
27560;15;10; 
27571;6;5; 
27575;17;1; 
27582;1;14; 
27583;8;14; 
27589;16;14; 
27595;9;1; 
27597;1;7; 
27597;5;1; 
27597;12;7; 
27600;1;11; 
27603;15;1; 
27608;10;6; 
27612;6;1; 
27616;4;11; 
27620;10;16; 
27623;2;16; 
27623;12;7; 
27647;7;16; 
27656;2;1; 
27662;8;5; 
27672;1;5; 
27672;15;9; 
27674;1;10; 
27679;1;15; 
27679;3;11; 
27679;13;4; 
27681;1;17; 
27693;1;8; 
27697;1;14; 
27697;14;2; 
27706;1;16; 
27706;5;13; 
27717;1;10; 
27726;11;1; 
27736;1;8; 
27736;17;15; 
27740;1;11; 
27763;1;4; 
27763;9;1; 
27767;1;3; 
27768;13;11; 
27776;1;4; 
27779;17;16; 
27796;7;1; 
27798;11;12; 
27799;14;1; 
27801;16;7; 
27817;12;17; 
27825;1;11; 
27833;1;15; 
27837;3;1; 
27837;6;1; 
27860;16;8; 
27884;5;16; 
27887;1;7; 
27893;1;9; 
27897;4;1; 
27906;1;13; 
27915;1;15; 
27953;9;10; 
27956;1;15; 
27956;1;3; 
27961;1;14; 
27973;2;1; 
27982;4;1; 
27982;5;2; 
27983;10;1; 
27984;7;6; 
27998;13;1; 
28004;1;4; 
28015;1;12; 
28020;1;10; 
28020;9;15; 
28032;1;7; 
28035;5;12; 
28041;1;2; 
28044;7;1; 
28055;15;1; 
28055;17;1; 
28056;12;1; 
28063;16;1; 
28067;12;1; 
28071;1;16; 
28079;6;1; 
28082;13;1; 
28089;15;1; 
28096;1;16; 
28096;1;17; 
28103;14;11; 
28130;11;1; 
28135;1;15; 
28143;8;1; 
28147;1;5; 
28155;3;1; 
28159;17;1; 
28183;1;14; 
28192;1;4; 
28197;1;17; 
28224;1;11; 
28225;10;3; 
28232;11;1; 
28237;17;9; 
28239;1;9; 
28242;5;2; 
28250;17;1; 
28251;16;1; 
28254;1;16; 
28254;8;1; 
28254;15;11; 
28279;9;1; 
28283;13;1; 
28286;1;8; 
28301;6;17; 
28305;1;6; 
28312;1;3; 
28317;1;10; 
28325;1;6; 
28341;8;1; 
28347;12;2; 
28357;16;1; 
28360;1;10; 
28360;14;4; 
28367;12;17; 
28372;3;1; 
28397;2;1; 
28403;1;12; 
28409;7;16; 
28410;1;14; 
28410;4;1; 
28413;10;1; 
28418;1;7; 
28424;1;11; 
28430;1;13; 
28440;1;15; 
28441;1;10; 
28447;14;1; 
28457;1;15; 
28468;5;1; 
28469;7;1; 
28479;1;2; 
28480;9;1; 
28518;1;12; 
28553;1;2; 
28565;12;1; 
28566;1;6; 
28583;1;6; 
28591;1;6; 
28592;1;14; 
28593;3;1; 
28596;16;6; 
28602;1;3; 
28616;1;5; 
28621;1;14; 
28630;5;15; 
28634;2;10; 
28636;1;14; 
28648;3;16; 
28653;13;1; 
28662;14;8; 
28663;15;1; 
28664;9;1; 
28673;7;4; 
28677;17;1; 
28681;1;4; 
28684;7;9; 
28691;1;15; 
28692;11;1; 
28694;4;1; 
28709;1;5; 
28715;1;11; 
28725;4;1; 
28729;17;1; 
28730;6;1; 
28734;16;2; 
28740;1;3; 
28742;1;16; 
28747;1;13; 
28749;8;15; 
28769;14;11; 
28771;1;10; 
28787;9;1; 
28793;2;1; 
28795;10;16; 
28823;1;4; 
28826;1;13; 
28826;5;14; 
28829;1;12; 
28832;4;1; 
28850;2;1; 
28857;10;1; 
28858;1;7; 
28883;13;5; 
28885;17;1; 
28892;6;1; 
28896;7;12; 
28899;11;9; 
28916;16;1; 
28917;1;14; 
28921;3;1; 
28922;10;16; 
28937;1;14; 
28937;6;12; 
28938;15;12; 
28954;1;14; 
28957;5;11; 
28957;13;2; 
28965;9;12; 
28973;1;4; 
28978;16;1; 
28983;1;4; 
28994;1;7; 
29003;1;3; 
29012;9;7; 
29019;12;1; 
29020;1;12; 
29024;8;1; 
29026;7;9; 
29037;1;15; 
29055;8;1; 
29060;1;14; 
29074;11;1; 
29097;15;17; 
29099;1;15; 
29099;14;10; 
29101;7;1; 
29112;1;14; 
29115;1;12; 
29118;1;10; 
29122;14;1; 
29123;1;5; 
29125;1;9; 
29127;9;6; 
29129;1;12; 
29135;1;3; 
29136;7;12; 
29136;8;1; 
29162;1;9; 
29162;5;12; 
29163;8;12; 
29165;1;6; 
29174;16;10; 
29181;16;3; 
29182;6;7; 
29190;14;1; 
29197;13;14; 
29198;2;1; 
29217;12;1; 
29225;4;5; 
29225;15;8; 
29240;4;10; 
29241;1;2; 
29257;11;1; 
29262;6;8; 
29268;9;7; 
29273;15;1; 
29289;10;6; 
29291;1;15; 
29293;13;16; 
29306;11;16; 
29310;1;3; 
29325;12;17; 
29327;17;1; 
29334;10;1; 
29338;2;12; 
29342;3;1; 
29358;1;2; 
29359;17;1; 
29360;3;1; 
29379;1;8; 
29388;5;7; 
29392;1;16; 
29403;6;7; 
29403;10;17; 
29411;8;16; 
29418;1;10; 
29420;15;2; 
29431;7;1; 
29440;17;1; 
29451;11;1; 
29456;1;9; 
29461;12;2; 
29462;7;14; 
29465;13;10; 
29476;15;14; 
29481;10;1; 
29488;1;13; 
29494;1;6; 
29500;4;1; 
29508;1;6; 
29509;6;14; 
29514;1;4; 
29544;5;6; 
29553;1;9; 
29555;16;11; 
29571;12;1; 
29572;9;5; 
29578;3;1; 
29580;13;9; 
29581;1;17; 
29582;2;13; 
29587;1;12; 
29590;1;5; 
29590;3;15; 
29607;5;1; 
29610;1;8; 
29611;8;15; 
29627;1;9; 
29635;1;5; 
29635;1;14; 
29647;9;5; 
29652;2;1; 
29653;16;1; 
29656;4;17; 
29674;14;16; 
29683;14;13; 
29683;17;1; 
29693;1;5; 
29706;12;1; 
29713;1;3; 
29726;16;1; 
29742;6;1; 
29752;1;9; 
29752;15;1; 
29753;8;1; 
29755;16;11; 
29764;1;9; 
29768;2;1; 
29781;12;1; 
29783;3;8; 
29789;11;10; 
29791;5;1; 
29795;6;1; 
29802;1;11; 
29824;7;1; 
29843;5;1; 
29849;1;6; 
29870;17;7; 
29892;7;3; 
29910;4;1; 
29910;8;10; 
29916;13;7; 
29917;1;11; 
29919;1;7; 
29920;17;1; 
29929;14;10; 
29940;1;7; 
29942;2;5; 
29952;11;2; 
29953;10;1; 
29965;9;16; 
29974;1;16; 
29987;1;11; 
30009;9;13; 
30012;10;6; 
30014;4;3; 
30025;1;11; 
30032;1;14; 
30033;1;5; 
30039;3;4; 
30046;1;15; 
30057;1;15; 
30058;13;17; 
30086;1;4; 
30086;1;17; 
30094;14;17; 
30102;16;17; 
30104;11;8; 
30116;17;14; 
30122;3;1; 
30137;4;1; 
30141;7;11; 
30162;1;2; 
30163;6;8; 
30170;8;14; 
30171;5;1; 
30179;7;1; 
30188;2;17; 
30188;13;1; 
30199;1;7; 
30204;8;1; 
30230;16;6; 
30231;11;6; 
30238;12;1; 
30242;5;13; 
30244;14;13; 
30256;15;4; 
30269;1;8; 
30269;6;1; 
30272;1;8; 
30282;17;16; 
30306;12;14; 
30309;13;7; 
30311;1;14; 
30327;15;16; 
30344;11;1; 
30361;10;16; 
30370;8;1; 
30388;8;1; 
30393;1;12; 
30396;1;12; 
30413;4;1; 
30414;1;2; 
30414;17;1; 
30421;16;1; 
30457;11;3; 
30461;5;10; 
30468;1;4; 
30479;1;14; 
30483;1;16; 
30496;1;5; 
30504;14;1; 
30507;5;17; 
30508;3;1; 
30516;1;16; 
30517;1;12; 
30531;7;12; 
30549;14;4; 
30552;6;2; 
30555;9;1; 
30557;3;1; 
30557;16;1; 
30558;9;1; 
30565;4;1; 
30581;2;3; 
30584;15;14; 
30590;1;17; 
30593;17;1; 
30597;10;6; 
30598;7;1; 
30605;1;13; 
30618;2;3; 
30638;4;1; 
30645;7;1; 
30646;12;1; 
30658;14;1; 
30659;17;1; 
30681;15;5; 
30684;11;5; 
30688;3;1; 
30688;10;1; 
30691;1;14; 
30706;9;1; 
30707;8;1; 
30725;1;14; 
30733;1;6; 
30745;1;7; 
30770;4;7; 
30795;1;13; 
30806;1;17; 
30812;1;11; 
30817;1;11; 
30835;6;1; 
30835;17;1; 
30838;1;12; 
30848;8;13; 
30858;5;17; 
30862;16;1; 
30868;13;1; 
30875;1;3; 
30875;1;12; 
30882;10;1; 
30883;5;1; 
30888;1;6; 
30899;1;11; 
30907;1;14; 
30916;13;1; 
30932;1;6; 
30947;16;1; 
30952;1;10; 
30960;14;13; 
30962;1;9; 
30966;1;15; 
30966;11;13; 
30971;14;8; 
30987;4;3; 
30993;12;7; 
30998;1;10; 
31008;7;14; 
31039;1;12; 
31039;8;1; 
31077;11;1; 
31083;1;16; 
31084;1;13; 
31086;15;1; 
31097;1;8; 
31135;3;16; 
31138;13;4; 
31141;12;1; 
31144;17;3; 
31149;1;12; 
31150;1;7; 
31150;10;1; 
31157;6;1; 
31171;1;13; 
31176;1;17; 
31176;2;13; 
31179;5;1; 
31179;6;7; 
31195;8;14; 
31197;9;8; 
31217;1;10; 
31218;1;7; 
31218;2;12; 
31219;1;14; 
31221;16;7; 
31222;3;1; 
31232;5;15; 
31245;9;1; 
31248;8;12; 
31250;13;1; 
31266;1;15; 
31290;1;7; 
31304;17;1; 
31309;5;1; 
31332;11;4; 
31339;1;10; 
31361;12;13; 
31376;10;1; 
31385;15;1; 
31386;1;8; 
31394;1;5; 
31398;6;1; 
31400;7;1; 
31405;4;5; 
31406;1;17; 
31409;13;1; 
31410;1;3; 
31410;6;15; 
31411;1;14; 
31444;1;13; 
31448;1;5; 
31448;9;6; 
31452;11;13; 
31470;7;1; 
31476;1;8; 
31478;14;1; 
31501;7;1; 
31509;3;1; 
31519;1;5; 
31521;1;11; 
31535;4;12; 
31553;2;6; 
31553;16;1; 
31567;11;7; 
31573;10;1; 
31581;5;1; 
31619;1;14; 
31637;1;9; 
31655;1;11; 
31657;1;14; 
31662;13;7; 
31668;7;8; 
31670;1;8; 
31680;5;7; 
31680;14;7; 
31697;6;17; 
31705;1;7; 
31722;14;8; 
31731;12;16; 
31743;9;1; 
31747;6;10; 
31750;8;5; 
31750;15;12; 
31754;1;11; 
31755;1;2; 
31756;17;8; 
31759;15;1; 
31759;16;1; 
31763;2;1; 
31765;3;17; 
31768;12;7; 
31789;4;1; 
31799;13;17; 
31803;1;14; 
31804;9;16; 
31808;12;7; 
31809;15;3; 
31829;13;7; 
31845;17;1; 
31847;4;12; 
31850;6;17; 
31855;1;9; 
31863;4;11; 
31882;1;10; 
31882;5;9; 
31898;1;12; 
31904;1;10; 
31914;9;15; 
31917;1;5; 
31920;1;13; 
31926;10;6; 
31937;3;10; 
31937;8;1; 
31942;5;3; 
31945;8;1; 
31958;1;9; 
31976;14;1; 
31983;14;2; 
31984;10;15; 
32001;1;12; 
32009;1;17; 
32022;16;6; 
32025;7;1; 
32027;13;5; 
32036;1;6; 
32062;2;1; 
32062;16;1; 
32081;12;14; 
32096;11;14; 
32100;14;15; 
32118;1;15; 
32168;5;9; 
32170;9;1; 
32170;12;1; 
32172;2;1; 
32184;6;11; 
32187;16;1; 
32190;11;16; 
32197;3;15; 
32198;15;10; 
32199;4;16; 
32199;17;1; 
32200;10;1; 
32205;2;4; 
32211;4;1; 
32215;13;17; 
32220;1;16; 
32222;1;3; 
32223;7;13; 
32254;1;9; 
32266;1;2; 
32280;7;13; 
32303;9;2; 
32311;1;15; 
32313;1;11; 
32321;6;1; 
32321;17;14; 
32324;10;1; 
32326;1;6; 
32342;1;8; 
32351;13;11; 
32355;1;9; 
32366;8;1; 
32367;16;13; 
32384;14;1; 
32386;12;13; 
32387;1;5; 
32403;6;1; 
32412;1;7; 
32433;14;4; 
32438;6;5; 
32440;5;1; 
32453;3;5; 
32460;1;4; 
32461;10;13; 
32465;1;6; 
32479;17;6; 
32498;1;8; 
32499;4;14; 
32501;1;7; 
32501;14;1; 
32509;16;1; 
32516;1;3; 
32517;16;2; 
32518;12;1; 
32521;15;1; 
32529;11;14; 
32532;2;1; 
32532;17;1; 
32535;16;9; 
32543;15;14; 
32552;2;12; 
32557;10;4; 
32558;1;13; 
32558;4;1; 
32575;11;1; 
32579;4;1; 
32587;15;1; 
32589;1;5; 
32590;13;8; 
32596;8;1; 
32600;1;6; 
32626;12;13; 
32631;9;8; 
32638;6;1; 
32640;9;2; 
32649;2;1; 
32655;1;3; 
32657;1;11; 
32664;1;3; 
32668;3;6; 
32675;1;12; 
32675;8;1; 
32677;1;9; 
32680;7;8; 
32682;5;15; 
32688;7;1; 
32698;8;1; 
32698;13;17; 
32701;1;12; 
32702;3;6; 
32715;1;12; 
32717;11;4; 
32719;16;1; 
32737;1;15; 
32743;9;1; 
32747;17;1; 
32756;9;1; 
32768;5;9; 
32775;1;15; 
32775;17;2; 
32780;7;14; 
32805;2;3; 
32807;8;1; 
32808;9;14; 
32809;1;12; 
32815;1;17; 
32826;5;11; 
32833;12;2; 
32842;14;1; 
32844;1;4; 
32848;1;17; 
32872;2;6; 
32883;3;5; 
32892;1;12; 
32894;1;7; 
32895;10;1; 
32910;1;7; 
32910;4;3; 
32921;1;8; 
32925;7;15; 
32928;8;7; 
32933;15;9; 
32939;12;1; 
32941;10;5; 
32944;4;6; 
32945;6;1; 
32952;11;2; 
32954;2;8; 
32958;15;1; 
32961;1;15; 
32961;5;1; 
32965;14;9; 
32968;13;6; 
32971;13;17; 
32982;6;17; 
32985;1;3; 
32985;16;1; 
33002;11;7; 
33022;8;1; 
33033;15;16; 
33043;1;16; 
33043;4;1; 
33060;1;5; 
33065;7;9; 
33066;6;13; 
33071;15;7; 
33081;8;3; 
33087;17;13; 
33103;6;1; 
33108;12;1; 
33111;14;16; 
33114;13;17; 
33129;16;15; 
33130;4;1; 
33131;14;13; 
33133;9;1; 
33137;5;2; 
33143;1;15; 
33151;8;1; 
33155;9;15; 
33159;1;3; 
33162;1;10; 
33166;10;1; 
33170;1;5; 
33172;17;14; 
33178;5;17; 
33187;2;7; 
33187;2;11; 
33192;1;16; 
33193;1;14; 
33194;3;1; 
33212;13;1; 
33215;4;7; 
33229;16;1; 
33234;1;13; 
33239;1;15; 
33243;7;10; 
33245;1;8; 
33258;11;1; 
33266;10;2; 
33272;12;1; 
33279;1;4; 
33280;1;3; 
33284;3;17; 
33287;1;9; 
33304;5;1; 
33330;15;13; 
33346;13;3; 
33352;4;1; 
33367;9;15; 
33384;5;1; 
33393;8;14; 
33398;1;16; 
33401;7;3; 
33416;11;8; 
33420;17;1; 
33424;1;15; 
33428;1;13; 
33431;14;6; 
33432;6;1; 
33439;1;6; 
33439;4;1; 
33465;1;11; 
33484;1;3; 
33496;13;14; 
33497;3;1; 
33499;10;1; 
33507;1;7; 
33508;2;4; 
33514;12;4; 
33516;3;1; 
33519;7;11; 
33521;8;1; 
33529;16;1; 
33530;12;1; 
33539;9;5; 
33552;16;1; 
33554;1;8; 
33561;2;1; 
33583;14;1; 
33594;11;9; 
33605;10;16; 
33621;1;3; 
33630;13;2; 
33650;1;4; 
33651;1;10; 
33652;14;9; 
33662;6;1; 
33681;5;7; 
33693;9;12; 
33716;8;1; 
33716;17;5; 
33717;4;1; 
33726;2;1; 
33730;1;12; 
33775;5;4; 
33777;6;16; 
33780;13;1; 
33781;8;4; 
33785;10;8; 
33787;1;11; 
33793;12;1; 
33803;17;6; 
33811;1;14; 
33811;15;1; 
33818;16;2; 
33819;1;14; 
33836;3;1; 
33844;11;1; 
33845;1;7; 
33858;7;16; 
33868;1;13; 
33881;11;1; 
33888;4;1; 
33913;1;4; 
33917;15;2; 
33923;1;4; 
33938;15;7; 
33959;17;15; 
33961;12;1; 
33969;1;10; 
33991;1;5; 
33992;8;1; 
33994;6;1; 
34005;11;16; 
34007;1;3; 
34008;16;1; 
34010;14;1; 
34019;1;4; 
34056;12;1; 
34057;8;14; 
34063;14;8; 
34067;1;14; 
34068;1;16; 
34076;4;13; 
34090;9;17; 
34093;3;1; 
34102;13;12; 
34103;2;6; 
34127;10;1; 
34128;3;4; 
34156;5;2; 
34159;7;16; 
34171;9;10; 
34204;7;9; 
34208;4;1; 
34211;1;7; 
34211;15;1; 
34216;1;14; 
34221;13;2; 
34241;1;8; 
34269;11;8; 
34277;3;1; 
34281;1;17; 
34283;5;9; 
34290;6;1; 
34303;1;9; 
34318;7;2; 
34319;1;11; 
34346;12;5; 
34347;10;1; 
34348;8;3; 
34354;16;14; 
34369;4;16; 
34387;6;3; 
34391;1;4; 
34395;8;3; 
34404;9;1; 
34410;2;10; 
34410;3;1; 
34414;13;1; 
34437;12;10; 
34444;10;1; 
34444;11;13; 
34448;1;6; 
34456;1;9; 
34465;17;5; 
34473;2;1; 
34478;1;10; 
34489;14;1; 
34491;1;11; 
34496;16;1; 
34501;1;10; 
34502;1;6; 
34520;1;17; 
34522;2;7; 
34524;1;11; 
34528;7;1; 
34556;8;10; 
34566;16;1; 
34567;17;1; 
34578;9;15; 
34600;15;16; 
34613;6;16; 
34614;9;1; 
34620;13;16; 
34624;1;9; 
34631;1;10; 
34636;1;16; 
34644;17;11; 
34656;1;10; 
34671;1;3; 
34671;13;1; 
34687;3;1; 
34687;14;10; 
34692;8;1; 
34697;11;2; 
34706;10;7; 
34711;2;1; 
34718;1;5; 
34724;1;12; 
34732;12;3; 
34755;4;10; 
34757;5;1; 
34768;14;1; 
34801;6;14; 
34806;6;15; 
34807;2;12; 
34811;1;10; 
34822;1;8; 
34830;5;3; 
34832;17;1; 
34851;4;5; 
34853;14;10; 
34858;8;12; 
34870;11;1; 
34893;7;13; 
34897;11;2; 
34913;1;8; 
34928;3;12; 
34930;9;15; 
34958;12;1; 
34969;1;5; 
34980;1;12; 
34995;1;2; 
35006;1;15; 
35011;15;1; 
35047;13;9; 
35050;1;3; 
35055;1;10; 
35060;7;5; 
35071;1;11; 
35076;17;1; 
35079;15;3; 
35079;16;17; 
35082;12;9; 
35085;14;1; 
35086;10;15; 
35094;3;16; 
35106;17;1; 
35107;7;9; 
35109;11;10; 
35113;10;4; 
35116;1;12; 
35120;12;16; 
35135;14;1; 
35137;5;1; 
35141;9;1; 
35158;16;8; 
35161;1;13; 
35161;15;1; 
35172;11;1; 
35178;3;17; 
35199;1;10; 
35212;1;3; 
35219;9;6; 
35228;10;1; 
35241;1;13; 
35242;17;7; 
35245;1;7; 
35256;14;1; 
35258;6;1; 
35266;8;13; 
35269;4;1; 
35272;1;12; 
35292;1;2; 
35293;1;12; 
35302;1;2; 
35307;13;1; 
35314;12;1; 
35321;13;2; 
35322;1;14; 
35338;16;1; 
35346;1;7; 
35372;2;1; 
35374;4;1; 
35391;8;2; 
35395;2;6; 
35401;5;1; 
35405;4;14; 
35407;9;1; 
35415;6;14; 
35437;1;8; 
35454;6;9; 
35466;3;1; 
35472;16;7; 
35490;11;9; 
35494;1;3; 
35497;15;6; 
35511;3;9; 
35513;14;17; 
35514;7;1; 
35514;12;9; 
35514;16;7; 
35520;1;16; 
35520;14;5; 
35525;2;15; 
35537;1;14; 
35542;2;9; 
35542;5;1; 
35545;1;9; 
35547;17;13; 
35563;1;14; 
35573;9;10; 
35579;11;3; 
35598;17;1; 
35616;4;11; 
35633;1;14; 
35636;1;16; 
35639;1;4; 
35640;8;6; 
35641;10;7; 
35667;7;16; 
35673;1;14; 
35689;12;1; 
35696;13;1; 
35697;1;7; 
35716;12;17; 
35747;4;1; 
35751;16;8; 
35758;10;1; 
35760;3;11; 
35763;8;15; 
35770;6;1; 
35772;1;6; 
35785;5;14; 
35795;1;8; 
35796;6;8; 
35803;1;10; 
35813;11;14; 
35819;1;13; 
35839;1;5; 
35841;15;6; 
35852;1;8; 
35857;5;1; 
35865;7;1; 
35877;9;1; 
35883;17;9; 
35885;10;8; 
35900;1;17; 
35901;17;12; 
35906;15;13; 
35910;8;11; 
35917;9;6; 
35928;14;17; 
35938;13;9; 
35944;1;4; 
35950;1;6; 
35957;11;1; 
35968;1;6; 
35972;7;2; 
35978;2;14; 
35985;3;10; 
35991;2;1; 
35994;14;10; 
35998;1;13; 
36008;7;15; 
36009;13;5; 
36011;13;1; 
36013;10;1; 
36015;14;1; 
36016;2;1; 
36022;4;1; 
36030;1;9; 
36033;5;1; 
36048;7;4; 
36070;1;10; 
36077;5;11; 
36078;1;3; 
36090;9;1; 
36098;17;4; 
36108;1;11; 
36119;15;1; 
36122;12;1; 
36159;10;1; 
36176;16;1; 
36197;1;3; 
36200;15;1; 
36211;1;2; 
36216;1;3; 
36226;1;4; 
36226;6;1; 
36234;3;1; 
36258;11;1; 
36262;3;1; 
36262;14;4; 
36265;4;1; 
36267;17;1; 
36269;11;1; 
36272;2;14; 
36284;8;11; 
36285;16;1; 
36309;6;13; 
36315;2;8; 
36315;2;1; 
36330;16;1; 
36336;10;1; 
36336;14;9; 
36338;8;1; 
36350;4;1; 
36356;12;13; 
36365;1;10; 
36365;17;12; 
36377;7;15; 
36386;9;1; 
36403;15;1; 
36425;7;1; 
36447;1;17; 
36452;5;7; 
36474;10;1; 
36482;1;14; 
36486;1;15; 
36489;1;6; 
36496;6;1; 
36496;16;1; 
36500;3;1; 
36501;8;1; 
36501;11;1; 
36552;5;1; 
36553;4;1; 
36563;14;1; 
36569;17;1; 
36570;1;16; 
36570;1;14; 
36574;9;1; 
36580;15;13; 
36592;3;15; 
36599;13;3; 
36602;16;1; 
36614;2;1; 
36624;14;1; 
36624;14;1; 
36638;3;1; 
36642;10;1; 
36646;16;5; 
36653;7;17; 
36670;6;1; 
36684;15;1; 
36685;11;1; 
36688;8;9; 
36690;1;15; 
36695;11;6; 
36696;1;8; 
36725;6;1; 
36732;4;6; 
36732;10;17; 
36740;9;3; 
36749;1;13; 
36751;2;1; 
36769;1;13; 
36772;8;1; 
36776;12;1; 
36779;17;1; 
36786;17;1; 
36789;1;16; 
36826;3;13; 
36826;9;1; 
36844;13;11; 
36848;1;8; 
36857;5;10; 
36879;7;10; 
36890;13;7; 
36891;12;1; 
36892;1;7; 
36893;4;1; 
36903;2;1; 
36905;10;1; 
36910;16;7; 
36911;3;1; 
36912;4;1; 
36912;5;2; 
36914;9;1; 
36915;1;7; 
36933;10;1; 
36935;3;1; 
36936;13;1; 
36953;4;1; 
36961;1;11; 
36970;6;1; 
36971;1;13; 
36971;7;6; 
36972;12;1; 
36974;10;1; 
36980;15;1; 
36993;16;13; 
37004;2;1; 
37006;5;1; 
37016;8;1; 
37016;14;1; 
37017;17;1; 
37019;12;4; 
37078;7;1; 
37084;5;1; 
37092;1;6; 
37110;1;12; 
37113;1;16; 
37128;6;1; 
37142;11;1; 
37149;11;1; 
37153;15;1; 
37156;8;1; 
37160;17;11; 
37167;9;6; 
37169;12;11; 
37176;1;13; 
37178;1;7; 
37178;11;1; 
37181;14;1; 
37190;13;3; 
37194;7;9; 
37214;15;6; 
37223;9;15; 
37228;10;1; 
37238;7;1; 
37244;3;1; 
37246;13;1; 
37252;14;1; 
37260;4;14; 
37266;10;1; 
37275;7;3; 
37276;1;6; 
37302;16;1; 
37307;5;1; 
37321;17;1; 
37327;15;1; 
37331;8;1; 
37341;16;4; 
37345;6;16; 
37351;14;1; 
37357;1;5; 
37366;13;1; 
37367;13;1; 
37387;6;1; 
37391;2;7; 
37391;17;5; 
37399;8;1; 
37400;1;11; 
37429;12;11; 
37430;1;10; 
37436;2;11; 
37445;4;1; 
37446;1;11; 
37452;11;1; 
37459;9;1; 
37469;1;3; 
37479;14;1; 
37481;4;8; 
37481;12;1; 
37483;11;1; 
37484;1;3; 
37489;1;7; 
37490;3;1; 
37491;5;1; 
37498;1;6; 
37498;17;1; 
37500;5;1; 
37505;15;1; 
37511;1;9; 
37527;11;1; 
37530;4;9; 
37530;10;16; 
37554;3;1; 
37572;13;1; 
37580;2;14; 
37588;1;4; 
37590;1;10; 
37594;1;16; 
37594;1;13; 
37602;1;12; 
37610;8;2; 
37611;9;13; 
37616;7;1; 
37628;15;17; 
37641;17;1; 
37647;14;3; 
37655;9;1; 
37661;1;15; 
37662;13;1; 
37689;7;1; 
37691;11;16; 
37693;4;17; 
37702;10;1; 
37706;16;1; 
37716;8;1; 
37722;12;1; 
37731;14;1; 
37738;1;14; 
37744;17;14; 
37749;16;1; 
37752;6;14; 
37755;3;1; 
37767;6;11; 
37768;12;10; 
37793;2;7; 
37795;5;1; 
37801;3;2; 
37803;17;3; 
37805;1;10; 
37809;4;1; 
37818;11;1; 
37828;2;1; 
37829;4;1; 
37836;4;1; 
37841;1;17; 
37846;14;1; 
37853;10;1; 
37857;4;1; 
37857;8;1; 
37859;15;1; 
37861;9;4; 
37865;9;7; 
37871;2;1; 
37878;5;1; 
37883;1;4; 
37885;16;1; 
37891;16;1; 
37905;6;1; 
37908;6;16; 
37908;13;1; 
37910;1;5; 
37912;6;1; 
37919;7;1; 
37919;10;2; 
37944;3;1; 
37946;13;6; 
37948;7;1; 
37958;11;1; 
37961;1;3; 
37973;2;1; 
37978;13;1; 
37987;17;7; 
37989;5;11; 
37991;9;15; 
37997;8;17; 
37997;15;1; 
38009;1;11; 
38015;3;1; 
38021;11;1; 
38021;12;1; 
38024;3;1; 
38026;2;1; 
38026;7;1; 
38033;8;13; 
38038;11;1; 
38038;12;9; 
38043;1;12; 
38043;12;1; 
38051;16;1; 
38060;9;1; 
38064;17;1; 
38070;7;1; 
38075;14;1; 
38080;14;1; 
38084;10;1; 
38086;5;1; 
38088;1;16; 
38093;15;4; 
38107;17;1; 
38109;7;1; 
38128;15;1; 
38130;7;1; 
38131;15;1; 
38134;8;1; 
38136;2;1; 
38139;11;1; 
38142;8;1; 
38143;2;13; 
38147;14;1; 
38148;1;8; 
38165;5;8; 
38166;16;5; 
38167;3;1; 
38169;12;10; 
38170;12;1; 
38178;5;4; 
38181;4;1; 
38207;4;1; 
38212;1;14; 
38213;3;12; 
38213;8;1; 
38223;15;1; 
38229;10;11; 
38231;6;11; 
38245;14;11; 
38250;1;10; 
38260;5;1; 
38269;3;1; 
38277;6;14; 
38281;13;1; 
38282;11;1; 
38283;12;1; 
38290;9;1; 
38291;7;1; 
38296;9;1; 
38304;1;9; 
38311;10;1; 
38317;1;6; 
38317;1;17; 
38317;13;1; 
38320;16;1; 
38327;2;12; 
38333;15;1; 
38335;10;1; 
38335;11;3; 
38337;1;4; 
38341;16;7; 
38342;9;1; 
38343;8;1; 
38344;6;1; 
38356;6;1; 
38359;12;1; 
38361;14;17; 
38366;7;1; 
38370;13;1; 
38373;1;13; 
38377;2;1; 
38381;17;1; 
38382;1;11; 
38388;17;1; 
38398;4;1; 
38402;13;1; 
38408;10;1; 
38408;13;10; 
38413;9;4; 
38414;7;1; 
38415;6;1; 
38417;5;1; 
38418;1;11; 
38423;5;13; 
38431;3;1; 
38435;2;1; 
38435;8;1; 
38437;11;1; 
38446;14;1; 
38451;6;10; 
38456;11;1; 
38457;13;1; 
38469;15;1; 
38470;1;9; 
38478;16;1; 
38484;7;1; 
38485;11;1; 
38491;8;1; 
38494;3;1; 
38495;16;1; 
38500;4;13; 
38500;15;17; 
38501;2;1; 
38513;17;1; 
38523;7;1; 
38526;3;1; 
38527;14;6; 
38551;2;1; 
38555;1;8; 
38556;4;1; 
38557;6;1; 
38559;1;17; 
38563;14;1; 
38574;17;1; 
38582;12;1; 
38585;4;1; 
38586;5;1; 
38599;12;3; 
38601;10;1; 
38613;8;1; 
38625;1;17; 
38625;16;5; 
38626;9;1; 
38629;11;1; 
38636;10;1; 
38640;1;17; 
38640;15;6; 
38642;1;5; 
38644;13;1; 
38654;17;1; 
38656;1;8; 
38656;8;11; 
38658;1;9; 
38695;9;12; 
38697;5;16; 
38697;12;1; 
38708;1;2; 
38723;10;17; 
38732;6;1; 
38738;8;1; 
38739;14;2; 
38740;9;1; 
38742;17;1; 
38746;3;1; 
38757;1;5; 
38761;5;1; 
38776;4;1; 
38777;12;1; 
38778;16;1; 
38785;11;1; 
38802;2;3; 
38824;9;1; 
38826;13;1; 
38826;14;12; 
38832;13;1; 
38837;4;1; 
38859;9;1; 
38862;1;13; 
38866;6;14; 
38867;7;1; 
38882;12;1; 
38889;15;1; 
38894;17;1; 
38896;16;1; 
38904;11;1; 
38918;8;1; 
38922;7;3; 
38945;1;2; 
38951;3;1; 
38953;15;1; 
38976;1;10; 
38982;1;8; 
38983;2;1; 
38986;10;1; 
38987;1;5; 
38989;5;8; 
39003;10;1; 
39007;1;4; 
39007;14;1; 
39012;4;1; 
39012;10;13; 
39018;15;1; 
39025;17;1; 
39026;1;13; 
39026;7;1; 
39034;1;8; 
39039;8;15; 
39041;17;16; 
39047;9;11; 
39059;5;15; 
39072;2;15; 
39074;16;1; 
39078;12;11; 
39085;1;14; 
39085;11;12; 
39088;6;1; 
39089;11;5; 
39099;16;1; 
39134;13;8; 
39167;1;16; 
39179;4;1; 
39183;17;1; 
39185;15;1; 
39209;13;1; 
39210;1;9; 
39211;14;1; 
39213;2;1; 
39217;3;1; 
39217;8;1; 
39219;7;11; 
39237;9;11; 
39247;1;4; 
39261;12;14; 
39267;3;1; 
39268;5;15; 
39272;6;1; 
39305;14;1; 
39308;16;1; 
39325;15;1; 
39328;3;1; 
39337;1;17; 
39342;1;5; 
39343;1;16; 
39360;13;15; 
39362;1;17; 
39371;9;14; 
39378;17;3; 
39383;5;16; 
39384;4;1; 
39400;1;9; 
39405;8;1; 
39412;12;1; 
39413;11;1; 
39422;10;1; 
39424;15;1; 
39431;12;1; 
39451;13;1; 
39473;17;8; 
39495;1;2; 
39498;2;1; 
39506;6;1; 
39508;14;1; 
39510;3;1; 
39516;7;14; 
39519;1;15; 
39526;4;1; 
39530;10;1; 
39541;8;1; 
39543;6;1; 
39544;9;1; 
39551;5;1; 
39556;7;2; 
39579;2;1; 
39580;16;1; 
39587;11;1; 
39605;17;14; 
39609;13;1; 
39612;4;17; 
39613;1;9; 
39655;9;8; 
39664;1;15; 
39670;16;1; 
39677;14;6; 
39684;11;1; 
39689;12;1; 
39691;12;7; 
39697;10;1; 
39700;15;1; 
39705;8;1; 
39705;16;11; 
39706;1;16; 
39710;16;1; 
39718;7;3; 
39720;7;2; 
39724;1;12; 
39733;10;1; 
39749;10;1; 
39765;6;1; 
39766;4;1; 
39767;5;13; 
39769;14;1; 
39772;11;1; 
39777;14;5; 
39778;17;1; 
39788;6;1; 
39796;15;1; 
39806;3;6; 
39840;2;1; 
39850;13;1; 
39852;3;1; 
39863;12;1; 
39868;1;7; 
39870;3;1; 
39877;9;1; 
39882;5;1; 
39890;2;9; 
39892;1;4; 
39895;15;2; 
39899;8;1; 
39905;14;12; 
39913;14;1; 
39915;1;2; 
39919;6;1; 
39936;13;4; 
39946;11;17; 
39961;11;1; 
39964;5;2; 
39973;10;1; 
39978;7;1; 
39985;10;5; 
39985;16;1; 
39999;9;1; 
40005;11;1; 
40005;16;17; 
40016;12;3; 
40027;1;6; 
40031;13;1; 
40038;17;1; 
40042;9;7; 
40045;8;1; 
40051;7;1; 
40055;2;1; 
40055;5;1; 
40056;15;1; 
40071;1;9; 
40073;13;1; 
40076;14;2; 
40079;2;1; 
40079;15;9; 
40083;7;1; 
40086;10;8; 
40104;1;3; 
40104;1;15; 
40117;4;1; 
40118;6;1; 
40124;3;6; 
40124;12;1; 
40138;3;1; 
40138;17;1; 
40139;4;1; 
40162;8;16; 
40163;4;14; 
40166;16;1; 
40167;6;3; 
40188;3;9; 
40193;1;17; 
40203;1;8; 
40206;4;1; 
40213;9;8; 
40228;16;1; 
40261;12;14; 
40263;7;1; 
40264;9;8; 
40266;11;1; 
40270;1;12; 
40276;12;1; 
40277;1;13; 
40279;10;1; 
40284;1;9; 
40284;6;1; 
40288;13;8; 
40290;17;1; 
40304;16;1; 
40305;13;1; 
40308;1;17; 
40314;5;1; 
40328;5;1; 
40329;11;1; 
40331;8;16; 
40332;3;1; 
40341;1;12; 
40356;17;9; 
40359;5;1; 
40363;3;1; 
40369;2;1; 
40372;12;16; 
40379;16;17; 
40380;4;15; 
40383;10;11; 
40406;1;14; 
40421;13;1; 
40422;3;1; 
40427;15;1; 
40437;8;16; 
40444;14;1; 
40447;7;1; 
40455;8;13; 
40456;6;1; 
40469;2;13; 
40469;14;7; 
40475;2;5; 
40484;15;11; 
40489;15;1; 
40503;16;1; 
40511;7;1; 
40512;1;10; 
40537;8;4; 
40543;10;2; 
40564;16;1; 
40565;6;1; 
40566;14;1; 
40573;5;8; 
40574;10;1; 
40585;3;1; 
40587;1;16; 
40588;1;11; 
40588;1;15; 
40591;11;8; 
40608;9;1; 
40610;12;1; 
40624;2;1; 
40666;12;1; 
40692;5;12; 
40695;1;11; 
40708;7;16; 
40713;15;1; 
40732;15;1; 
40740;4;7; 
40746;9;1; 
40752;11;1; 
40775;17;1; 
40793;4;11; 
40797;13;1; 
40806;2;1; 
40812;10;1; 
40816;6;10; 
40831;11;1; 
40837;8;1; 
40848;1;8; 
40858;13;1; 
40865;1;17; 
40877;3;8; 
40881;4;16; 
40899;9;3; 
40899;10;2; 
40899;17;1; 
40907;7;1; 
40919;2;4; 
40950;16;1; 
40960;9;1; 
40962;15;1; 
40967;14;1; 
40970;3;1; 
40974;11;4; 
40993;5;1; 
41002;4;1; 
41026;1;3; 
41069;1;5; 
41074;1;5; 
41076;1;12; 
41084;5;1; 
41088;12;1; 
41094;17;1; 
41105;2;17; 
41108;15;10; 
41142;4;9; 
41142;8;1; 
41143;9;8; 
41148;5;1; 
41172;6;1; 
41172;16;1; 
41184;1;8; 
41188;14;1; 
41202;15;1; 
41220;5;1; 
41225;17;1; 
41232;1;5; 
41235;14;1; 
41259;6;1; 
41266;3;11; 
41280;7;1; 
41287;16;1; 
41322;1;5; 
41333;4;1; 
41345;12;8; 
41364;1;6; 
41365;7;17; 
41371;11;1; 
41376;1;9; 
41377;10;8; 
41379;13;12; 
41388;1;11; 
41396;12;1; 
41409;17;4; 
41426;13;1; 
41440;5;1; 
41448;6;1; 
41470;1;10; 
41501;13;4; 
41536;2;7; 
41536;15;16; 
41545;14;9; 
41550;3;1; 
41554;7;1; 
41557;5;17; 
41566;11;9; 
41576;12;1; 
41578;9;1; 
41582;8;10; 
41597;1;17; 
41608;4;1; 
41618;7;1; 
41626;11;14; 
41632;10;1; 
41653;16;1; 
41660;12;15; 
41666;8;1; 
41678;16;1; 
41697;17;1; 
41711;7;1; 
41713;1;6; 
41717;4;15; 
41722;5;1; 
41723;10;1; 
41741;14;12; 
41747;8;1; 
41790;12;1; 
41794;5;1; 
41799;17;1; 
41807;3;12; 
41822;1;4; 
41831;11;2; 
41832;2;1; 
41833;13;1; 
41838;16;1; 
41860;15;1; 
41872;9;1; 
41922;6;1; 
41925;3;1; 
41936;16;11; 
41967;14;1; 
42016;6;10; 
42018;4;1; 
42057;10;1; 
42067;2;1; 
42104;13;1; 
42105;1;17; 
42132;15;3; 
42132;17;15; 
42145;14;1; 
42155;16;1; 
42162;12;1; 
42168;11;1; 
42176;7;1; 
42177;1;11; 
42234;3;1; 
42240;9;1; 
42248;2;12; 
42248;5;8; 
42249;8;4; 
42266;6;9; 
42269;11;3; 
42317;8;1; 
42333;3;1; 
42347;1;12; 
42357;5;14; 
42397;1;5; 
42431;2;1; 
42431;6;1; 
42451;14;1; 
42469;11;1; 
42473;17;1; 
42480;13;6; 
42485;4;1; 
42501;15;1; 
42531;10;11; 
42545;16;1; 
42574;12;1; 
42576;7;11; 
42578;9;1; 
42598;1;17; 
42625;5;1; 
42636;7;1; 
42667;16;3; 
42694;1;8; 
42708;1;3; 
42738;3;1; 
42750;10;17; 
42754;17;1; 
42761;1;10; 
42780;13;1; 
42786;12;14; 
42788;1;2; 
42790;17;4; 
42829;9;1; 
42850;6;1; 
42851;11;5; 
42854;2;1; 
42861;8;17; 
42872;14;1; 
42880;4;1; 
42887;6;1; 
42894;15;1; 
42914;10;1; 
42920;9;1; 
42931;9;5; 
42956;2;5; 
42958;1;13; 
42962;1;10; 
42980;5;1; 
42984;15;9; 
43004;7;1; 
43034;17;8; 
43058;12;1; 
43089;14;1; 
43091;3;15; 
43114;4;1; 
43123;11;1; 
43125;8;1; 
43136;11;16; 
43143;6;1; 
43166;1;15; 
43174;13;1; 
43190;16;11; 
43203;14;1; 
43226;6;1; 
43233;5;17; 
43246;11;1; 
43253;16;10; 
43278;2;1; 
43283;10;1; 
43296;7;13; 
43296;8;1; 
43327;12;1; 
43350;17;1; 
43361;6;1; 
43382;13;15; 
43383;4;1; 
43395;8;4; 
43408;3;1; 
43445;1;6; 
43481;9;1; 
43484;15;1; 
43517;3;12; 
43530;14;1; 
43576;4;9; 
43600;15;1; 
43601;9;7; 
43601;10;17; 
43609;5;1; 
43632;6;1; 
43648;2;10; 
43650;16;1; 
43688;17;1; 
43700;11;1; 
43702;8;1; 
43719;7;1; 
43768;2;11; 
43779;12;1; 
43781;8;1; 
43795;13;17; 
43803;4;15; 
43834;2;1; 
43844;10;1; 
43857;14;1; 
43879;13;1; 
43888;12;3; 
43920;11;1; 
43929;9;1; 
43933;7;1; 
43939;15;5; 
43946;8;12; 
43958;16;6; 
43992;17;1; 
43997;1;10; 
44000;6;1; 
44009;3;1; 
44053;5;1; 
